ax,ay,az,gx,gy,gz,timestamp
-477.62,553.76,784.56,106.30,52.65,-63.63,1764850958.6414733
-473.47,568.94,796.18,119.16,95.75,-61.59,1764850958.6540446
-471.15,588.90,790.90,132.78,134.79,-71.25,1764850958.6557183
-466.03,602.27,770.51,108.37,165.27,-91.76,1764850958.6574404
-457.93,615.88,753.79,75.01,194.48,-102.00,1764850958.6599748
-455.84,628.20,753.97,-11.54,218.11,-114.00,1764850958.6641524
-457.36,628.17,745.57,-87.51,254.39,-147.90,1764850958.6664863
-462.11,632.19,713.69,-103.48,269.33,-153.91,1764850958.6701057
-466.59,630.51,683.58,-92.46,297.03,-177.03,1764850958.6726358
-471.90,639.44,664.15,-85.19,283.08,-214.97,1764850958.674648
-470.72,644.92,635.32,-61.31,272.42,-266.43,1764850958.674648
-464.46,636.38,593.13,-46.12,219.85,-309.56,1764850958.6795857
-459.89,622.07,555.76,-17.30,154.18,-353.43,1764850958.6822307
-445.51,637.81,563.59,10.80,58.75,-403.01,1764850958.684392
-440.93,642.19,562.45,-92.52,-56.26,-493.76,1764850958.6867633
-442.74,615.01,565.54,-163.24,-154.32,-572.40,1764850958.6867633
-442.93,588.01,573.26,-123.16,-254.17,-677.94,1764850958.6917248
-447.59,556.96,608.32,-148.78,-332.75,-771.55,1764850958.6937444
-461.30,501.47,646.97,-246.17,-425.94,-875.72,1764850958.6964242
-457.21,396.10,686.12,-318.14,-499.45,-952.86,1764850958.6989837
-461.08,264.23,890.26,-262.02,-555.03,-979.43,1764850958.6995413
-469.46,205.10,918.57,-157.92,-517.97,-970.51,1764850958.7028985
-478.24,158.13,918.63,-86.53,-456.48,-900.24,1764850958.706777
-492.16,122.41,919.44,-48.05,-415.61,-848.90,1764850958.7085211
-502.33,54.40,908.27,0.56,-372.17,-790.87,1764850958.7104332
-491.93,-28.01,898.33,138.47,-330.74,-657.24,1764850958.7127254
-483.54,-77.36,864.83,303.10,-290.13,-503.45,1764850958.7147293
-480.01,-92.15,832.16,458.04,-269.41,-328.03,1764850958.7180727
-466.21,-53.88,821.78,661.13,-286.00,-125.83,1764850958.7211137
-468.13,63.55,808.02,816.96,-308.20,14.85,1764850958.7243288
-478.16,197.27,827.06,985.42,-331.87,104.12,1764850958.726488
-514.14,324.88,866.20,1102.80,-286.29,101.70,1764850958.7291152
-503.02,329.10,851.62,1216.68,-239.45,57.35,1764850958.7308462
-486.51,297.73,827.38,1169.48,-218.53,62.54,1764850958.7331588
-493.79,283.37,837.22,936.76,-225.65,80.16,1764850958.7352011
-486.77,312.57,834.34,859.25,-187.60,78.64,1764850958.7352011
-476.00,427.08,839.99,808.06,-170.26,92.94,1764850958.7405515
-473.15,473.12,809.09,664.95,-146.82,64.00,1764850958.7405515
-475.08,467.55,808.93,588.61,-142.80,13.90,1764850958.744118
-451.67,334.42,611.54,429.22,-147.18,-2.28,1764850958.7466447
-445.42,306.91,527.01,403.83,-218.70,49.66,1764850958.7466447
-449.25,449.12,575.91,400.26,-281.60,47.61,1764850958.7524607
-441.12,470.10,618.22,405.02,-327.56,14.67,1764850958.7524607
-423.10,519.74,708.04,307.07,-347.12,-23.23,1764850958.7561367
-420.23,588.63,777.03,264.01,-325.96,-73.45,1764850958.7561367
-409.55,614.33,827.58,126.01,-275.56,-154.23,1764850958.76176
-409.92,594.18,839.94,-7.20,-215.93,-252.30,1764850958.7637115
-415.03,524.86,758.80,-110.22,-172.44,-307.45,1764850958.7663012
-444.12,493.98,707.08,-151.58,-166.07,-327.03,1764850958.7663012
-456.26,414.48,608.07,-381.45,-238.06,-339.18,1764850958.77041
-449.32,263.96,605.96,-512.33,-312.75,-275.40,1764850958.7743046
-446.57,149.66,594.86,-489.78,-374.74,-167.19,1764850958.7763982
-432.98,82.66,597.13,-436.11,-458.03,6.09,1764850958.777933
-404.94,72.97,608.36,-298.70,-552.52,200.17,1764850958.7810616
-366.55,143.62,664.11,-0.09,-580.05,351.05,1764850958.7830586
-348.31,248.98,703.99,206.32,-595.34,467.89,1764850958.7861488
-339.57,381.58,714.04,211.97,-604.14,537.81,1764850958.7861488
-321.03,506.74,761.44,202.08,-587.02,525.54,1764850958.7908962
-310.68,593.03,796.92,181.97,-575.46,496.21,1764850958.7930493
-311.18,648.53,824.23,115.67,-538.35,449.37,1764850958.7962666
-305.30,700.20,844.00,56.02,-495.69,368.77,1764850958.799367
-298.35,733.02,876.40,29.32,-442.64,251.05,1764850958.799367
-288.10,757.62,901.84,53.42,-368.74,135.10,1764850958.8054233
-272.94,752.57,894.81,138.11,-299.93,18.53,1764850958.8071759
-267.10,684.69,846.39,176.19,-236.34,-118.65,1764850958.8109324
-264.68,598.48,804.63,150.66,-208.69,-165.35,1764850958.8130274
-265.03,518.76,759.84,146.36,-204.99,-182.25,1764850958.8130274
-261.27,467.05,731.21,190.41,-212.94,-150.71,1764850958.8173378
-254.03,452.94,732.53,225.75,-227.50,-115.50,1764850958.8207095
-246.08,449.20,751.35,231.19,-239.57,-96.68,1764850958.8207095
-250.57,428.62,768.70,167.71,-241.74,-57.58,1764850958.8245077
-246.88,446.38,782.84,70.25,-225.28,-22.84,1764850958.826903
-250.65,479.32,803.57,-145.49,-210.39,-6.21,1764850958.8289473
-259.25,486.62,827.18,-276.66,-160.53,9.72,1764850958.830455
-260.86,474.38,823.70,-304.76,-134.95,10.36,1764850958.8328485
-257.13,469.37,816.10,-266.25,-110.21,5.81,1764850958.8348675
-249.76,474.72,804.68,-208.91,-91.88,12.44,1764850958.8364022
-245.15,487.36,792.58,-204.58,-91.29,6.67,1764850958.8404486
-246.33,480.55,762.64,-316.69,-104.00,4.47,1764850958.8415394
-248.68,470.72,743.50,-399.09,-137.90,18.20,1764850958.8437893
-236.13,479.91,770.12,-299.62,-192.81,11.27,1764850958.8448167
-235.81,478.88,777.30,-64.78,-222.99,-0.32,1764850958.8467681
-240.79,492.69,804.26,21.44,-241.74,-13.47,1764850958.8499424
-240.67,502.64,844.57,61.12,-256.48,-31.55,1764850958.8529365
-236.67,499.84,893.23,151.55,-226.41,-43.02,1764850958.8529365
-233.57,500.77,942.85,253.62,-181.95,-52.77,1764850958.8569016
-236.78,466.60,955.47,393.48,-118.66,-66.15,1764850958.8569016
-236.37,481.36,961.10,451.46,-66.06,-61.03,1764850958.8610685
-233.76,477.26,944.14,396.04,-9.95,-74.97,1764850958.863101
-238.60,454.27,902.42,321.63,41.64,-62.53,1764850958.8647823
-241.96,465.18,865.75,261.69,67.50,-39.05,1764850958.8677237
-238.96,521.40,853.64,215.23,89.47,-16.69,1764850958.8677237
-242.12,571.89,843.64,156.85,88.05,-31.89,1764850958.871425
-246.90,596.66,832.00,101.22,80.24,-54.40,1764850958.8740823
-254.72,609.01,836.95,38.04,57.71,-59.44,1764850958.8740823
-261.06,620.11,855.41,15.83,59.85,-75.13,1764850958.8777745
-265.55,619.94,849.49,65.36,64.37,-91.46,1764850958.8787096
-272.52,611.40,847.47,121.85,84.12,-112.24,1764850958.881949
-277.24,610.74,862.85,161.78,85.60,-80.40,1764850958.883063
-267.15,610.03,852.67,120.11,109.06,-74.64,1764850958.8852174
-269.53,608.22,858.12,-90.81,91.50,-59.25,1764850958.8875945
-272.90,605.04,881.35,-271.89,112.88,-41.96,1764850958.8900027
-273.37,595.59,897.35,-321.70,156.54,-51.87,1764850958.8921585
-278.71,576.60,902.40,-456.15,162.16,-46.79,1764850958.89547
-280.70,545.61,909.24,-604.03,216.14,-56.57,1764850958.896614
-279.40,522.57,903.05,-584.22,247.92,-46.88,1764850958.898702
-277.39,511.53,888.64,-504.69,280.93,-41.95,1764850958.9007032
-274.18,514.30,868.60,-404.39,310.19,-41.66,1764850958.9029853
-271.45,478.26,842.26,-346.43,319.46,-50.41,1764850958.9052505
-280.24,424.82,864.27,-260.56,334.54,-44.65,1764850958.9069278
-285.30,392.45,845.33,-34.58,357.56,-30.45,1764850958.9107707
-284.51,395.98,799.08,149.41,372.33,-9.98,1764850958.9107707
-282.03,416.23,766.22,196.30,378.28,2.31,1764850958.914564
-286.82,435.55,728.39,238.85,355.14,6.47,1764850958.9169962
-295.25,451.51,718.58,250.42,356.77,-11.30,1764850958.9202838
-302.11,474.84,718.04,282.16,328.75,-14.41,1764850958.9222808
-306.60,513.56,724.18,340.04,306.14,-35.95,1764850958.925407
-315.96,544.23,726.11,407.83,302.22,-96.55,1764850958.927292
-324.21,573.44,730.14,480.16,300.98,-146.87,1764850958.92996
-336.03,597.83,724.42,469.93,306.84,-202.54,1764850958.9315276
-347.28,593.05,721.66,346.04,315.11,-265.46,1764850958.932948
-359.09,566.20,729.81,235.34,329.04,-329.44,1764850958.932948
-353.67,532.72,755.79,170.04,338.49,-341.52,1764850958.9370377
-362.42,498.56,773.67,151.13,371.71,-357.50,1764850958.9403107
-363.86,460.97,799.37,113.16,408.96,-352.47,1764850958.9423306
-366.58,433.83,817.91,217.39,459.21,-337.40,1764850958.9442773
-387.19,422.90,827.08,440.68,520.83,-297.29,1764850958.9456224
-367.51,419.47,801.41,582.78,570.21,-283.90,1764850958.946899
-376.59,420.15,743.30,653.76,613.38,-249.11,1764850958.9494915
-394.05,430.78,667.06,711.40,626.37,-204.25,1764850958.9519777
-411.89,452.86,585.45,699.49,619.11,-192.81,1764850958.9519777
-424.81,465.48,501.08,617.96,566.75,-182.79,1764850958.9569478
-442.24,466.61,436.12,433.17,457.74,-162.87,1764850958.9582374
-465.00,468.17,405.50,214.89,354.27,-134.84,1764850958.9602587
-477.15,481.19,385.33,82.76,240.53,-92.71,1764850958.9638422
-488.83,512.06,386.48,20.85,130.35,-76.41,1764850958.9661195
-498.30,539.65,408.31,-1.48,9.10,-58.35,1764850958.966761
-508.16,562.21,447.56,-22.86,-78.66,-49.59,1764850958.970724
-512.93,575.37,502.68,-59.03,-122.66,-40.95,1764850958.972406
-520.89,566.62,556.27,-89.18,-157.07,-51.01,1764850958.9734285
-527.36,562.78,607.53,-77.00,-156.91,-47.26,1764850958.9767911
-526.71,565.36,648.70,-48.65,-171.17,-54.87,1764850958.9780486
-527.65,568.01,681.75,-11.35,-137.09,-58.94,1764850958.9796727
-527.25,577.60,709.24,15.85,-109.03,-53.10,1764850958.9820905
-525.11,588.91,717.75,34.47,-76.78,-49.93,1764850958.9843109
-522.25,586.23,706.84,34.10,-25.66,-61.94,1764850958.9843109
-520.86,577.34,696.06,48.49,-12.21,-71.55,1764850958.9903874
-521.93,575.64,697.55,20.21,-4.38,-79.42,1764850958.9903874
-521.19,569.70,697.92,20.78,18.78,-70.51,1764850958.9938464
-522.81,563.14,683.98,48.86,42.96,-73.73,1764850958.995585
-525.99,548.72,661.78,55.63,74.02,-70.17,1764850958.995585
-525.99,537.51,646.67,83.59,94.41,-78.25,1764850958.9995043
-528.39,534.59,635.02,97.45,99.75,-59.91,1764850959.0010152
-529.68,533.30,621.21,120.33,112.99,-58.72,1764850959.0048144
-531.83,522.45,594.93,124.18,108.34,-54.71,1764850959.0064354
-531.26,512.03,573.19,107.66,100.19,-47.71,1764850959.008921
-534.07,503.78,557.71,96.61,79.46,-39.35,1764850959.0111985
-535.86,495.41,548.61,78.82,65.14,-41.25,1764850959.0126615
-537.83,492.50,539.22,72.39,46.97,-32.36,1764850959.0144882
-539.65,495.13,538.58,76.53,51.33,-30.21,1764850959.0168188
-540.46,502.76,548.85,51.85,34.03,1.92,1764850959.0168188
-541.29,516.14,557.87,51.58,16.92,17.54,1764850959.02081
-540.79,525.72,566.44,41.14,5.68,25.11,1764850959.023747
-540.53,533.56,573.27,44.27,-17.67,26.44,1764850959.0252557
-540.60,540.08,577.43,42.73,-32.42,42.87,1764850959.0269833
-541.11,542.92,579.47,42.02,-42.56,52.94,1764850959.0269833
-539.44,549.68,580.15,29.12,-55.37,63.60,1764850959.0306392
-537.73,559.63,597.67,44.85,-56.67,71.76,1764850959.0335803
-534.32,567.63,598.47,19.22,-67.07,88.60,1764850959.0335803
-533.07,580.29,603.20,5.84,-80.71,99.31,1764850959.0370924
-530.81,585.20,610.37,-3.14,-99.20,105.41,1764850959.0391839
-529.49,587.87,619.62,-14.37,-102.32,76.40,1764850959.0410628
-527.76,597.19,628.07,-0.81,-89.07,87.74,1764850959.0431805
-525.85,605.11,628.36,11.31,-68.21,85.08,1764850959.0454993
-523.17,607.94,623.36,36.01,-58.28,75.02,1764850959.0479689
-521.80,610.95,622.25,21.31,-65.74,82.66,1764850959.04844
-520.33,612.91,621.17,21.11,-71.48,63.36,1764850959.0512242
-519.38,606.32,616.49,28.45,-73.96,52.36,1764850959.0538476
-518.27,593.97,612.97,24.78,-76.96,53.21,1764850959.055699
-518.08,586.03,615.97,30.66,-73.82,45.23,1764850959.056576
-515.37,579.87,621.83,30.86,-56.75,64.84,1764850959.0586545
-513.81,575.09,621.70,17.23,-59.33,94.42,1764850959.0607948
-513.09,578.83,623.10,7.45,-71.43,108.15,1764850959.0637655
-511.13,577.20,611.83,14.13,-67.32,114.43,1764850959.0637655
-507.96,576.57,596.41,24.91,-64.12,116.47,1764850959.068222
-504.81,570.79,582.10,7.68,-68.90,126.00,1764850959.0696545
-501.54,564.22,574.13,-1.58,-79.87,126.60,1764850959.0730345
-495.61,563.59,573.81,-9.74,-90.39,128.31,1764850959.0746155
-488.77,556.15,570.84,-22.38,-104.13,139.36,1764850959.0761397
-484.60,544.73,569.06,-63.72,-106.51,156.86,1764850959.0793347
-480.91,537.42,570.85,-97.66,-128.03,182.53,1764850959.0793347
-475.83,539.60,571.93,-108.51,-140.03,203.75,1764850959.0827153
-470.00,546.41,580.94,-112.04,-156.22,225.09,1764850959.0863357
-465.35,548.90,592.65,-133.03,-178.09,243.52,1764850959.0863357
-459.15,560.02,609.65,-126.28,-193.98,266.40,1764850959.099219
-454.33,576.06,633.40,-110.64,-209.28,275.04,1764850959.1078663
-449.33,597.65,660.49,-96.14,-195.59,297.68,1764850959.112326
-444.03,621.71,680.07,-69.12,-166.55,299.83,1764850959.114334
-438.17,646.35,687.86,-27.85,-136.47,262.05,1764850959.1169212
-433.80,647.80,689.53,-42.87,-130.40,238.35,1764850959.120404
-429.48,648.88,686.60,-45.74,-130.04,230.19,1764850959.124164
-426.11,642.45,679.46,-51.48,-128.83,196.26,1764850959.1281855
-423.99,636.23,677.89,-42.26,-125.41,192.93,1764850959.1301966
-421.29,633.35,684.21,-53.62,-121.00,181.39,1764850959.1330297
-419.00,634.79,694.38,-44.38,-105.55,182.68,1764850959.138376
-416.45,640.37,705.27,-36.82,-94.21,162.18,1764850959.1422644
-413.53,645.72,706.43,-18.70,-60.28,128.85,1764850959.1442747
-411.80,649.06,698.26,-7.49,-29.34,111.62,1764850959.1462855
-409.28,648.90,687.88,-9.07,-19.54,96.68,1764850959.1482995
-405.34,645.92,674.84,-10.11,-7.61,77.38,1764850959.154793
-402.74,638.58,661.97,-6.79,-10.07,55.27,1764850959.1572483
-401.13,620.94,650.12,-17.47,-12.46,42.78,1764850959.1572483
-398.26,616.90,649.95,9.75,-4.29,30.66,1764850959.1601357
-395.67,612.12,650.56,3.19,-10.55,37.16,1764850959.1620362
-395.72,608.95,651.83,24.31,-16.46,53.79,1764850959.1635895
-395.01,626.36,654.10,40.16,-13.99,66.12,1764850959.1666856
-392.91,637.10,656.34,18.84,-16.69,67.90,1764850959.1682658
-392.47,637.54,655.39,14.21,-16.89,57.42,1764850959.169631
-391.95,648.11,657.58,12.08,-14.36,68.60,1764850959.1711032
-390.16,650.49,655.69,-4.13,-5.00,49.91,1764850959.1723804
-388.79,643.82,658.44,-35.01,-15.05,46.63,1764850959.173297
-389.27,639.64,658.82,-22.56,-5.29,21.93,1764850959.175168
-389.08,632.65,655.55,-23.38,-3.00,18.34,1764850959.1769211
-391.77,622.05,659.52,-44.47,-14.55,32.69,1764850959.1769211
-391.20,614.99,659.14,-34.80,-19.27,31.09,1764850959.1803384
-390.57,615.59,653.57,-20.58,-12.78,25.52,1764850959.1825051
-389.89,618.05,647.63,-10.89,9.54,24.70,1764850959.1825051
-390.20,617.00,643.49,5.44,18.91,11.39,1764850959.185306
-391.22,621.95,644.46,3.13,3.47,10.28,1764850959.186983
-390.89,625.26,645.60,9.26,-18.35,24.04,1764850959.1895192
-388.96,622.52,653.31,3.37,-30.30,12.63,1764850959.19153
-387.91,622.29,655.96,-7.34,-34.75,9.54,1764850959.1942885
-389.13,615.05,657.62,-14.34,-24.74,20.11,1764850959.1963024
-388.96,611.14,654.22,5.81,-14.13,14.99,1764850959.1983209
-387.01,601.97,647.14,-12.16,-17.71,21.14,1764850959.200334
-387.46,599.57,640.52,-8.23,-26.75,17.07,1764850959.2032197
-387.84,602.19,637.29,-2.20,-27.54,30.41,1764850959.2047644
-388.02,600.21,640.25,-12.07,-39.91,23.75,1764850959.2070837
-387.86,602.13,647.41,3.24,-40.82,13.89,1764850959.2084742
-385.63,607.21,660.55,-26.05,-52.10,13.30,1764850959.2084742
-384.49,597.28,676.67,-32.04,-58.68,5.61,1764850959.21143
-382.62,599.94,692.02,-40.43,-47.48,23.97,1764850959.2130444
-382.52,616.60,692.46,-19.97,-28.06,32.07,1764850959.2145019
-380.94,623.26,683.54,-24.17,-22.35,28.16,1764850959.216062
-381.10,635.22,678.66,-15.75,-6.70,16.44,1764850959.2182996
-380.19,645.68,673.91,-28.08,-11.69,4.07,1764850959.2198122
-380.31,641.23,678.88,-31.67,-8.14,-21.44,1764850959.2219615
-381.76,627.10,681.29,-34.42,-0.32,-15.82,1764850959.2241075
-381.50,625.73,684.10,-31.96,-5.07,-19.15,1764850959.2255628
-380.52,635.67,681.54,-23.26,-6.71,-15.38,1764850959.2255628
-379.85,644.57,674.86,-19.77,9.90,-18.17,1764850959.229425
-378.52,652.44,668.88,-12.91,17.11,-43.35,1764850959.2307272
-378.44,645.62,663.05,-21.77,19.65,-58.14,1764850959.2319593
-379.27,624.53,661.09,-19.11,23.60,-63.22,1764850959.2343621
-379.53,605.40,654.48,-33.34,23.96,-51.94,1764850959.2362602
-380.95,589.14,652.30,-18.14,20.66,-36.65,1764850959.2362602
-381.26,590.17,653.31,-13.92,19.67,-14.65,1764850959.240243
-382.42,598.84,656.11,-0.13,4.12,4.95,1764850959.2412786
-382.51,602.32,655.95,18.19,11.00,8.10,1764850959.2428064
-381.53,604.37,656.55,6.46,13.25,16.49,1764850959.244557
-382.50,599.66,652.72,17.49,6.46,19.42,1764850959.245866
-381.98,599.71,649.16,20.57,4.29,6.60,1764850959.2478015
-382.13,602.46,648.09,27.68,-10.45,7.41,1764850959.2478015
-382.86,607.79,655.12,27.43,-22.38,12.90,1764850959.2506113
-383.18,610.07,664.41,15.22,-20.53,27.77,1764850959.2529893
-385.40,611.41,672.60,15.03,-2.75,27.80,1764850959.2529893
-385.79,617.50,675.51,23.88,-8.34,11.63,1764850959.2567298
-385.07,625.97,676.78,24.80,-1.99,5.99,1764850959.2567298
-383.71,630.03,675.76,10.58,-13.39,0.29,1764850959.2599862
-383.76,630.17,671.30,16.49,-9.58,8.35,1764850959.2620876
-382.29,626.40,664.95,10.12,-17.14,25.69,1764850959.2647204
-384.20,614.94,663.46,5.90,-4.67,18.54,1764850959.265032
-382.67,610.75,663.54,7.11,-12.37,28.66,1764850959.267671
-381.52,603.88,666.91,12.65,-9.01,35.46,1764850959.270706
-383.09,598.35,671.72,13.75,-13.66,35.54,1764850959.2731335
-382.63,604.00,671.02,24.29,9.09,25.41,1764850959.2731335
-381.03,608.80,665.46,16.44,14.62,38.10,1764850959.2769313
-380.73,621.13,663.44,5.88,12.73,47.68,1764850959.278221
-381.22,630.71,657.98,3.20,18.32,32.13,1764850959.2804322
-379.24,635.10,653.33,-0.28,18.27,20.71,1764850959.2816849
-379.05,625.49,652.83,1.86,20.33,1.40,1764850959.2840586
-380.54,610.26,653.16,-1.72,16.38,-9.31,1764850959.2862825
-381.51,603.93,652.68,-4.16,2.82,-18.71,1764850959.2882922
-381.73,604.24,648.53,-10.14,5.10,-12.30,1764850959.2905676
-381.47,603.30,642.90,-4.72,-2.26,3.64,1764850959.2927914
-380.80,599.06,640.07,-0.11,5.28,-3.80,1764850959.2927914
-378.88,592.90,641.11,6.51,-21.02,-15.83,1764850959.29689
-379.50,590.81,641.39,6.73,-19.36,-3.26,1764850959.2998803
-379.13,595.94,642.38,-2.38,-41.96,-3.07,1764850959.3010283
-378.81,598.20,644.57,0.68,-45.27,16.89,1764850959.3031542
-377.04,603.57,645.84,9.58,-42.08,23.66,1764850959.306726
-374.78,607.68,643.91,0.94,-52.56,38.71,1764850959.3084986
-373.91,602.63,641.08,-13.60,-51.28,47.60,1764850959.3095303
-373.78,597.74,637.31,-7.96,-54.09,34.76,1764850959.3120093
-373.96,587.43,630.67,-15.17,-51.37,23.85,1764850959.3139987
-373.07,579.11,630.72,-19.79,-45.17,40.37,1764850959.317592
-375.16,583.90,634.06,-22.52,-55.49,47.21,1764850959.318299
-376.03,591.86,638.70,-48.24,-73.87,65.63,1764850959.322092
-376.33,599.23,646.85,-47.31,-98.19,64.79,1764850959.3242972
-375.23,616.75,661.42,-30.31,-95.46,56.87,1764850959.3259747
-375.64,631.19,676.21,-26.36,-87.14,33.94,1764850959.3289125
-375.25,644.66,690.58,-28.41,-83.37,12.05,1764850959.330137
-376.26,651.31,701.14,-43.65,-59.46,10.24,1764850959.3320322
-380.27,658.46,707.57,-30.50,-74.24,-10.80,1764850959.3347154
-384.43,676.69,723.23,-33.43,-80.51,-26.58,1764850959.3352551
-387.22,692.64,747.80,-36.51,-57.33,-21.39,1764850959.3380005
-388.38,717.59,787.43,-33.74,-56.23,-36.18,1764850959.3416326
-386.98,743.60,828.01,-25.98,-23.50,-63.75,1764850959.343431
-385.33,760.46,855.31,-11.58,24.43,-87.19,1764850959.3447888
-383.63,773.29,866.52,10.86,77.16,-127.81,1764850959.3469741
-382.34,772.95,861.79,26.63,133.39,-159.34,1764850959.3500512
-381.39,764.26,844.27,37.33,170.38,-186.14,1764850959.351867
-382.83,747.87,819.03,68.33,218.32,-236.22,1764850959.351867
-385.70,728.09,791.27,97.38,266.87,-266.49,1764850959.3564854
-389.05,708.43,760.03,108.28,291.04,-279.61,1764850959.3594701
-393.24,681.66,727.48,129.54,317.59,-309.07,1764850959.3606334
-395.00,659.96,702.66,145.80,329.95,-307.11,1764850959.362357
-396.65,637.32,672.71,147.33,337.46,-316.54,1764850959.3653073
-400.46,612.97,646.35,149.23,342.64,-314.36,1764850959.3666651
-405.34,590.17,620.65,132.85,327.24,-317.61,1764850959.3687363
-411.59,570.50,595.35,134.52,322.26,-320.67,1764850959.3722775
-419.45,556.17,571.90,146.44,305.42,-306.17,1764850959.374655
-428.98,542.35,552.86,124.48,287.51,-284.54,1764850959.376665
-436.48,540.65,539.83,103.11,253.38,-265.26,1764850959.3783522
-446.31,540.25,529.06,96.64,227.97,-235.07,1764850959.3799324
-454.66,536.76,523.50,89.64,229.78,-218.41,1764850959.3830469
-461.32,536.65,520.43,81.30,197.41,-209.35,1764850959.3850553
-468.62,536.85,519.61,78.40,172.90,-185.75,1764850959.3869517
-473.63,533.12,522.22,83.14,149.66,-175.88,1764850959.3903792
-479.53,533.40,525.19,58.07,147.91,-148.30,1764850959.3903792
-486.95,532.44,523.51,51.46,112.53,-126.06,1764850959.3940163
-492.81,541.08,527.03,32.34,103.75,-101.15,1764850959.3961318
-498.24,550.22,533.33,25.09,87.59,-88.68,1764850959.3980517
-501.80,558.13,545.73,11.43,61.25,-67.27,1764850959.4007702
-504.08,575.66,560.62,11.51,65.26,-53.28,1764850959.4017997
-504.97,592.81,570.58,13.69,66.87,-48.89,1764850959.404187
-504.37,595.99,566.14,10.13,68.84,-69.76,1764850959.407231
-504.32,585.04,551.57,-12.39,85.21,-70.69,1764850959.4085705
-502.47,567.19,531.38,-18.33,81.13,-90.99,1764850959.4100835
-498.65,546.61,513.48,-12.58,71.66,-93.84,1764850959.4131997
-496.75,519.37,499.60,8.81,49.51,-103.46,1764850959.4131997
-495.59,487.96,496.21,30.59,36.99,-64.85,1764850959.416071
-490.25,469.52,494.38,45.80,12.24,-37.72,1764850959.4192867
-486.16,456.99,477.97,81.83,7.10,17.14,1764850959.4219022
-482.24,449.49,450.38,134.35,-28.76,51.77,1764850959.4236438
-473.80,447.32,418.82,162.50,-57.45,89.00,1764850959.426728
-460.93,446.37,385.70,181.93,-103.13,136.25,1764850959.4279563
-445.19,448.41,366.99,188.54,-145.56,180.61,1764850959.4305453
-431.81,430.50,350.64,186.36,-184.93,206.32,1764850959.432086
-414.74,411.53,345.30,177.60,-249.89,236.27,1764850959.4336617
-391.38,371.70,340.15,216.66,-280.20,267.13,1764850959.435254
-370.62,298.09,300.23,273.86,-305.97,312.56,1764850959.4372678
-345.48,275.58,255.65,261.28,-365.68,411.78,1764850959.4416955
-307.76,307.14,197.65,224.79,-439.83,487.41,1764850959.4435682
-262.64,307.87,133.05,197.67,-542.45,540.60,1764850959.4457474
-231.20,211.14,101.24,241.82,-683.68,618.81,1764850959.4478009
-206.12,157.87,211.91,198.65,-855.93,785.19,1764850959.4478009
-184.50,277.14,392.67,131.05,-978.94,970.41,1764850959.4522462
-166.43,386.02,601.07,53.19,-1025.30,1134.15,1764850959.4554763
-156.31,584.92,792.16,-72.69,-1046.11,1283.53,1764850959.455982
-155.21,804.23,965.09,-104.68,-1011.89,1356.50,1764850959.4602084
-156.68,990.64,1127.37,-94.38,-927.61,1302.12,1764850959.4615388
-161.83,1149.10,1265.32,-75.72,-768.67,1124.20,1764850959.4637728
-157.66,1283.78,1382.57,-61.06,-542.67,865.27,1764850959.465928
-144.51,1361.07,1443.68,-40.81,-291.47,584.28,1764850959.4685495
-127.03,1347.41,1427.38,-30.78,-46.75,293.24,1764850959.4720254
-109.78,1275.49,1353.67,-8.77,187.97,29.95,1764850959.4749415
-96.01,1157.07,1246.77,10.85,389.87,-165.34,1764850959.477224
-94.51,1023.71,1121.56,44.92,542.29,-307.94,1764850959.4798074
-101.18,910.50,996.37,72.08,664.95,-407.25,1764850959.481695
-114.65,823.88,892.67,77.47,733.80,-459.56,1764850959.4851315
-125.51,747.55,805.72,45.15,780.93,-486.63,1764850959.4864464
-142.23,684.76,721.61,-6.62,786.19,-467.63,1764850959.4898694
-159.90,657.80,664.07,-21.53,799.06,-453.59,1764850959.4923446
-177.01,650.33,623.86,-52.80,801.61,-441.95,1764850959.5019913
-193.96,633.48,587.43,-62.88,818.76,-459.36,1764850959.522736
-209.12,619.46,554.21,-77.45,812.65,-459.75,1764850959.542498
-226.65,602.59,530.48,-102.43,814.35,-447.79,1764850959.5620914
-241.40,586.00,506.41,-105.97,804.40,-440.32,1764850959.5855622
-259.19,575.50,469.60,-88.87,772.54,-427.67,1764850959.605088
-279.11,574.23,436.66,-67.44,737.36,-401.32,1764850959.6277952
-300.10,565.19,403.41,-40.82,700.55,-403.22,1764850959.6482816
-322.13,551.51,364.20,-26.30,662.67,-387.14,1764850959.666283
-341.61,528.49,311.22,-22.96,606.17,-365.97,1764850959.6891985
-358.77,503.81,266.79,15.29,551.55,-347.37,1764850959.709781
-373.65,455.84,216.12,57.69,487.71,-323.47,1764850959.7292933
-393.66,391.97,166.30,68.24,393.26,-268.35,1764850959.7524498
-409.76,347.12,134.76,54.10,277.57,-187.60,1764850959.7743533
-417.59,324.30,128.19,15.99,161.23,-85.06,1764850959.7956276
-416.90,320.36,132.81,17.19,71.35,6.00,1764850959.8164883
-410.17,350.15,154.14,-13.29,-32.65,99.00,1764850959.8367643
-400.09,407.73,189.22,-46.69,-143.86,181.95,1764850959.8570988
-388.53,473.32,222.34,-71.19,-246.18,232.66,1764850959.878869
-374.95,520.67,235.64,-60.51,-319.35,239.76,1764850959.8945706
-362.66,513.82,219.34,-16.64,-404.35,258.10,1764850959.9194913
-349.21,500.95,172.19,-0.34,-477.20,296.18,1764850959.942079
-330.43,504.56,120.56,9.01,-575.72,321.05,1764850959.9634528
-311.76,509.72,68.73,3.46,-708.36,371.30,1764850959.9842877
-284.80,544.71,46.42,18.84,-845.71,406.80,1764850960.0049932
-251.83,639.26,58.96,33.11,-1016.45,453.48,1764850960.0241487
-216.90,764.17,104.86,-33.95,-1189.18,465.56,1764850960.0443735
-189.32,913.99,217.08,-99.66,-1331.80,434.13,1764850960.0686543
-174.12,1083.94,425.87,-27.71,-1441.63,366.01,1764850960.089507
-168.10,1228.40,669.04,53.25,-1486.39,228.31,1764850960.1107605
-164.34,1351.19,875.73,1.76,-1431.13,14.66,1764850960.1284935
-155.89,1435.31,1051.42,-41.40,-1316.66,-220.04,1764850960.1522565
-136.40,1467.22,1178.86,-27.99,-1161.16,-451.93,1764850960.1736946
-112.19,1438.23,1273.38,5.30,-990.29,-715.64,1764850960.1947677
-88.91,1316.40,1353.12,36.61,-806.64,-953.00,1764850960.214848
-72.43,1134.39,1432.91,12.52,-609.15,-1137.05,1764850960.2356288
-74.31,929.28,1492.47,66.14,-383.38,-1239.49,1764850960.2552974
-80.42,756.44,1512.65,147.42,-154.27,-1262.37,1764850960.2774696
-97.75,605.47,1452.40,205.41,80.37,-1256.61,1764850960.2940035
-120.59,502.80,1348.24,262.20,286.42,-1209.42,1764850960.3207865
-145.85,442.98,1207.06,317.67,453.75,-1139.31,1764850960.341945
-176.02,388.08,1052.70,378.02,574.99,-1068.01,1764850960.3551354
-207.97,358.82,916.99,380.11,639.04,-993.31,1764850960.382019
-239.93,335.00,801.94,366.90,652.09,-912.41,1764850960.404556
-271.74,302.75,717.20,339.16,643.67,-822.95,1764850960.4252813
-299.08,291.24,675.17,316.49,640.42,-736.71,1764850960.4453604
-324.41,281.60,651.45,291.21,638.26,-642.10,1764850960.4638858
-344.90,291.86,632.03,265.53,650.52,-554.49,1764850960.4888203
-361.42,297.73,602.02,223.30,664.24,-485.11,1764850960.50863
-378.60,301.07,558.82,229.11,688.81,-400.35,1764850960.5272532
-390.81,296.26,515.50,218.44,685.68,-328.29,1764850960.5520687
-402.69,267.72,464.42,215.37,677.03,-253.25,1764850960.57274
-411.89,236.11,424.61,199.27,667.58,-167.56,1764850960.593469
-419.55,193.35,382.37,193.08,634.04,-78.83,1764850960.6124144
-426.97,153.69,347.96,188.12,596.53,28.40,1764850960.6351964
-432.23,121.79,306.87,173.10,558.95,151.94,1764850960.6550415
-430.84,121.67,262.19,142.33,509.61,302.55,1764850960.6734939
-419.62,148.72,220.31,110.78,418.77,443.16,1764850960.6983876
-405.12,171.56,190.26,79.17,341.85,578.29,1764850960.7187433
-390.10,194.88,188.42,33.39,262.38,695.25,1764850960.7396429
-374.94,231.20,203.96,-3.42,196.92,848.96,1764850960.7616649
-355.15,279.92,230.82,-58.40,128.68,949.62,1764850960.7782102
-335.03,307.83,246.89,-95.84,67.98,1059.77,1764850960.8038292
-311.77,353.46,264.76,-122.57,2.88,1150.71,1764850960.8224466
-290.06,418.49,284.60,-195.08,-68.95,1250.80,1764850960.844932
-264.85,466.71,328.91,-287.62,-142.61,1316.08,1764850960.861409
-243.27,484.31,396.27,-305.38,-178.22,1384.17,1764850960.8881946
-215.33,534.36,476.78,-349.87,-204.58,1464.84,1764850960.9063563
-186.93,615.91,585.41,-339.99,-198.20,1522.92,1764850960.9282353
-159.64,692.87,679.25,-359.49,-160.97,1566.58,1764850960.9474182
-132.24,818.14,756.91,-394.07,-94.52,1604.29,1764850960.9714975
-110.61,947.57,812.58,-415.06,-18.54,1588.35,1764850960.9923284
-91.17,1092.23,875.79,-402.30,32.54,1563.70,1764850961.0054739
-78.99,1235.45,939.12,-402.25,141.06,1477.64,1764850961.034186
-70.59,1357.18,994.15,-390.52,255.50,1355.30,1764850961.0551949
-63.60,1460.65,1016.03,-394.04,392.67,1172.70,1764850961.072632
-57.36,1548.61,1016.78,-438.43,526.37,951.50,1764850961.0958722
-49.06,1610.47,977.66,-432.67,642.12,713.07,1764850961.1187136
-39.45,1607.25,905.71,-398.67,760.00,450.71,1764850961.139599
-31.58,1536.71,820.85,-348.47,849.40,196.20,1764850961.1579926
-31.20,1414.20,747.68,-308.20,912.19,-20.13,1764850961.179303
-40.17,1256.67,673.77,-280.87,955.06,-180.61,1764850961.2020864
-58.74,1102.97,606.31,-231.24,982.80,-286.72,1764850961.223536
-76.48,988.08,554.51,-137.15,976.98,-360.11,1764850961.2431414
-95.31,894.31,495.04,-53.58,961.53,-394.59,1764850961.2642887
-112.36,822.27,437.58,2.76,942.70,-427.50,1764850961.2864141
-132.11,734.93,365.04,11.64,901.50,-433.88,1764850961.307325
-152.79,642.84,298.59,38.40,826.87,-403.60,1764850961.325062
-173.22,563.36,239.25,96.54,767.04,-363.76,1764850961.346194
-193.14,502.11,193.46,119.56,687.09,-313.09,1764850961.3699455
-213.22,458.89,147.04,114.52,595.12,-236.43,1764850961.3892317
-230.59,430.71,98.14,130.35,509.45,-163.46,1764850961.407731
-238.90,415.90,41.57,171.99,403.64,-104.45,1764850961.4319792
-243.86,391.02,-27.52,174.69,280.69,-20.98,1764850961.4545684
-243.88,352.16,-86.84,138.59,140.79,64.07,1764850961.474549
-239.40,340.29,-113.42,110.30,-38.73,196.06,1764850961.496776
-227.94,362.15,-96.40,75.76,-210.22,339.75,1764850961.5170012
-220.60,436.67,-39.34,62.89,-377.89,471.79,1764850961.5379083
-210.01,554.92,51.61,78.06,-507.80,574.42,1764850961.5592499
-202.36,716.48,142.27,105.95,-603.23,634.36,1764850961.5803475
-194.80,892.06,225.33,97.26,-682.25,624.40,1764850961.5940387
-190.03,1025.70,309.28,126.17,-739.81,550.84,1764850961.6215475
-183.88,1135.70,384.09,161.84,-773.74,464.32,1764850961.6427398
-179.55,1218.54,468.52,262.07,-804.38,361.97,1764850961.6611702
-176.46,1307.11,576.30,290.26,-813.02,247.37,1764850961.6854053
-170.85,1372.19,693.40,277.32,-775.67,97.77,1764850961.7054276
-166.07,1398.57,799.39,300.52,-708.22,-66.90,1764850961.7221446
-158.86,1416.18,886.78,373.04,-601.39,-250.96,1764850961.744135
-148.23,1418.70,938.56,413.09,-475.48,-448.52,1764850961.7689524
-141.30,1385.45,953.33,420.42,-345.66,-614.64,1764850961.7881489
-140.50,1304.68,946.53,444.96,-219.11,-778.94,1764850961.810938
-147.03,1222.68,918.85,470.02,-97.74,-907.20,1764850961.8294578
-156.62,1153.58,875.22,510.21,19.52,-1006.62,1764850961.8521156
-168.08,1074.14,805.59,490.68,113.49,-1084.53,1764850961.8736339
-183.52,996.57,735.15,468.68,184.97,-1142.65,1764850961.888562
-200.39,950.13,674.23,458.08,237.32,-1170.45,1764850961.9141726
-216.83,926.11,627.84,452.97,276.72,-1192.58,1764850961.9364383
-232.16,888.60,592.32,438.72,316.52,-1235.70,1764850961.9582992
-252.23,832.71,563.17,432.31,342.24,-1263.64,1764850961.9721432
-276.05,771.10,533.89,428.67,369.20,-1261.60,1764850962.0009081
-300.34,715.29,491.16,388.97,390.62,-1246.96,1764850962.0219326
-326.39,673.09,445.69,368.42,401.93,-1234.81,1764850962.0420408
-350.18,638.28,386.63,344.66,407.04,-1209.19,1764850962.0560274
-372.20,602.39,336.89,329.26,392.18,-1168.51,1764850962.084573
-394.52,564.83,294.31,318.57,373.56,-1123.74,1764850962.105264
-414.24,537.10,263.06,279.18,346.92,-1072.78,1764850962.1240606
-429.36,509.19,234.25,241.21,318.28,-1018.36,1764850962.1479719
-441.00,471.36,209.76,198.43,278.04,-956.81,1764850962.1674118
-454.80,427.81,201.70,171.36,242.04,-897.58,1764850962.18976
-465.18,382.09,200.39,156.46,205.73,-834.35,1764850962.205633
-473.41,331.67,190.28,141.99,184.47,-744.89,1764850962.2276838
-485.64,276.97,176.44,144.69,151.70,-661.96,1764850962.2521572
-494.70,222.53,161.23,155.09,137.64,-578.87,1764850962.2732916
-504.94,151.05,123.69,160.92,128.10,-467.74,1764850962.2939968
-508.25,99.14,75.74,127.49,90.58,-306.98,1764850962.312645
-500.86,74.22,33.78,82.86,32.00,-138.83,1764850962.3353283
-488.43,78.39,1.71,52.13,-56.80,17.59,1764850962.355664
-469.17,89.28,-4.55,20.91,-143.38,170.06,1764850962.3773947
-452.94,61.04,8.29,23.18,-210.08,308.05,1764850962.39963
-428.50,47.68,37.49,6.20,-290.16,476.64,1764850962.4193394
-393.03,83.88,59.92,-18.13,-344.44,655.34,1764850962.441222
-353.42,121.40,48.08,-70.91,-395.07,785.34,1764850962.4603684
-306.56,141.14,17.02,-110.07,-467.51,885.64,1764850962.4781265
-250.53,103.17,-5.93,-88.76,-523.39,986.49,1764850962.504598
-195.10,-8.16,-49.59,-30.75,-599.68,1123.52,1764850962.5253332
-124.28,-124.53,-79.80,-54.34,-706.83,1320.99,1764850962.54517
-39.64,-188.20,-57.78,-116.09,-856.10,1615.44,1764850962.5643446
52.71,-67.42,59.78,-221.07,-1001.59,1979.43,1764850962.5884168
141.70,249.74,283.47,-351.41,-1131.25,2294.21,1764850962.609374
180.00,519.33,548.00,-407.90,-1205.46,2474.78,1764850962.6283717
158.85,748.48,772.85,-503.92,-1176.44,2456.96,1764850962.6543522
106.37,943.26,963.97,-478.13,-1060.58,2249.82,1764850962.6724472
54.26,1108.82,1126.42,-385.41,-856.49,1878.15,1764850962.6936018
37.57,1249.55,1264.51,-338.40,-597.52,1366.32,1764850962.7129612
70.64,1369.16,1300.28,-292.44,-320.99,750.08,1764850962.737585
131.44,1470.84,1257.19,-170.57,-60.74,130.26,1764850962.756066
190.18,1368.56,1199.11,-53.79,172.47,-401.68,1764850962.7740839
234.55,1141.98,1095.00,100.98,384.50,-811.82,1764850962.7975028
240.47,894.93,951.75,170.43,526.03,-1089.65,1764850962.8189301
229.15,682.39,828.78,223.47,645.42,-1263.10,1764850962.8404684
199.12,512.08,690.67,259.55,717.21,-1334.04,1764850962.8593867
154.41,361.17,556.92,248.82,742.83,-1320.53,1764850962.88037
107.25,260.20,440.98,219.89,759.50,-1262.25,1764850962.90228
56.06,213.97,355.93,215.71,715.78,-1180.01,1764850962.923314
3.10,204.37,320.09,153.05,685.51,-1068.41,1764850962.9407313
-47.47,212.27,305.53,113.00,668.18,-987.95,1764850962.9630883
-96.90,217.93,269.75,83.75,627.66,-905.46,1764850962.9866242
-143.86,269.09,229.89,45.08,577.31,-798.14,1764850963.0065763
-184.08,338.22,200.35,-6.08,521.01,-726.12,1764850963.0263221
-219.62,360.54,171.80,-40.87,477.06,-663.70,1764850963.0497365
-252.08,333.01,144.08,-56.64,428.90,-598.65,1764850963.0702472
-280.57,300.01,118.72,-51.74,370.87,-531.65,1764850963.0920315
-303.88,250.81,90.56,-55.98,318.24,-461.20,1764850963.1140087
-325.95,187.84,53.58,-53.88,249.50,-343.42,1764850963.1322722
-344.11,135.36,21.09,-76.40,164.38,-189.31,1764850963.1554825
-356.09,129.61,2.93,-120.14,74.32,-33.11,1764850963.1740868
-360.73,159.97,-10.41,-168.72,-22.63,126.66,1764850963.1966796
-355.82,209.02,0.60,-216.01,-126.33,277.46,1764850963.2189076
-347.90,282.52,33.96,-238.51,-239.08,392.74,1764850963.238585
-341.61,329.69,70.42,-270.83,-304.02,497.63,1764850963.2551491
-335.67,369.49,81.60,-289.01,-381.12,596.98,1764850963.2798426
-333.32,415.61,65.31,-273.26,-449.95,671.84,1764850963.3024983
-328.77,500.27,24.62,-251.77,-530.66,721.66,1764850963.322591
-315.16,595.63,-40.58,-231.70,-611.86,758.91,1764850963.3444428
-291.13,639.94,-141.44,-300.75,-760.98,767.77,1764850963.3611147
-253.76,653.30,-196.87,-385.54,-968.13,793.31,1764850963.3841338
-214.35,690.15,-153.24,-376.61,-1156.51,803.61,1764850963.4079719
-176.65,790.48,-12.36,-269.71,-1339.44,847.47,1764850963.425719
-157.95,961.41,129.45,-214.26,-1464.32,871.25,1764850963.4452288
-133.81,1124.25,297.23,-313.82,-1544.37,843.76,1764850963.471186
-113.14,1262.66,515.30,-291.95,-1583.92,757.40,1764850963.4909158
-100.67,1380.31,745.05,-241.55,-1545.83,556.49,1764850963.511397
-86.92,1480.31,940.34,-248.52,-1451.35,273.81,1764850963.531625
-63.53,1565.32,1106.34,-234.94,-1259.15,-81.96,1764850963.5533712
-33.00,1572.32,1223.74,-178.70,-1037.88,-433.56,1764850963.57886
-1.80,1507.32,1289.03,-51.40,-797.30,-761.53,1764850963.595971
28.02,1380.52,1304.78,25.31,-561.90,-1049.00,1764850963.6172838
40.32,1198.79,1257.71,75.52,-325.22,-1264.55,1764850963.6389332
38.17,1024.08,1207.35,165.29,-148.33,-1395.27,1764850963.659417
24.79,874.66,1161.25,271.60,16.42,-1470.08,1764850963.6757448
1.88,737.61,1089.66,325.66,169.35,-1510.57,1764850963.7016823
-29.31,615.57,1002.11,346.41,293.95,-1508.38,1764850963.720775
-64.36,532.09,914.50,341.55,390.86,-1453.72,1764850963.7440221
-96.11,479.87,835.82,366.81,465.43,-1384.47,1764850963.7607152
-128.19,424.39,761.60,375.69,528.21,-1335.50,1764850963.7857904
-162.21,353.38,686.96,390.44,570.78,-1259.97,1764850963.8064814
-199.83,282.83,615.86,376.57,597.07,-1162.18,1764850963.8220067
-235.71,231.25,575.84,315.89,591.21,-1036.75,1764850963.8478005
-265.00,197.61,552.31,272.70,584.42,-892.64,1764850963.8696644
-296.05,174.72,491.96,243.50,593.06,-780.04,1764850963.8903017
-321.54,155.41,430.77,212.67,598.00,-681.04,1764850963.9119198
-345.01,129.25,377.10,188.27,578.50,-547.08,1764850963.9229653
-358.81,108.81,330.59,165.73,567.33,-407.42,1764850963.9537969
-373.54,68.79,297.50,151.97,531.13,-285.41,1764850963.9728074
-385.61,19.17,260.22,148.98,523.46,-127.99,1764850963.9958863
-388.82,-25.85,242.34,89.13,487.24,38.80,1764850964.0160384
-383.59,-34.12,223.24,55.96,445.35,240.28,1764850964.036728
-373.00,-35.46,216.60,20.27,404.95,446.04,1764850964.0573916
-357.85,-9.59,218.76,-10.07,364.91,661.74,1764850964.073973
-336.28,63.85,243.25,-55.36,323.67,874.77,1764850964.1000848
-315.08,138.12,249.06,-99.56,294.62,1054.06,1764850964.12059
-291.07,229.30,265.85,-134.12,262.13,1218.15,1764850964.1367147
-268.41,314.31,285.37,-160.21,239.31,1319.23,1764850964.1632147
-242.40,362.41,299.12,-195.27,219.31,1420.14,1764850964.181282
-218.04,383.05,312.45,-231.08,201.72,1534.72,1764850964.2034142
-190.43,441.99,343.43,-296.92,175.06,1668.41,1764850964.2258134
-155.57,550.44,425.42,-389.18,159.90,1774.85,1764850964.246494
-116.78,645.93,506.96,-449.01,171.31,1851.52,1764850964.2689536
-83.82,787.99,609.56,-435.35,196.32,1911.90,1764850964.2865896
-52.79,975.64,731.28,-432.45,260.77,1923.01,1764850964.3073547
-29.27,1136.34,781.49,-477.38,370.15,1873.06,1764850964.3303916
-10.03,1272.94,790.41,-465.78,480.53,1798.80,1764850964.352292
-0.58,1389.05,778.95,-452.91,572.25,1657.98,1764850964.373313
3.26,1487.74,765.76,-459.37,667.91,1469.28,1764850964.3913636
4.72,1571.63,737.14,-514.37,752.83,1250.09,1764850964.4152606
7.91,1642.94,708.17,-557.81,842.10,997.78,1764850964.437408
13.03,1703.55,682.35,-553.94,903.89,723.91,1764850964.4533544
19.92,1711.86,634.30,-536.25,978.90,431.12,1764850964.478766
26.83,1680.83,574.70,-522.41,1031.87,147.46,1764850964.498608
31.96,1610.96,505.45,-498.65,1063.39,-84.36,1764850964.5200624
32.71,1496.22,416.58,-450.85,1091.68,-327.31,1764850964.5414996
26.16,1371.68,329.19,-374.82,1073.73,-536.81,1764850964.561333
11.13,1232.53,255.81,-311.70,1031.47,-687.29,1764850964.5835617
-7.94,1102.70,225.69,-266.75,985.95,-790.00,1764850964.6038473
-31.50,967.30,188.84,-201.83,914.26,-836.80,1764850964.625407
-60.07,825.50,147.01,-116.96,837.72,-868.18,1764850964.6469524
-90.36,699.13,108.61,-59.22,754.96,-851.05,1764850964.6641486
-120.01,595.91,89.62,-23.63,644.12,-801.39,1764850964.688812
-150.01,515.82,65.53,-5.09,550.20,-732.48,1764850964.708727
-176.40,464.70,53.00,0.48,435.57,-616.91,1764850964.7281175
-199.29,429.49,41.60,28.00,328.53,-504.87,1764850964.7441485
-219.05,399.57,32.51,75.70,215.35,-408.74,1764850964.7700713
-235.69,377.28,23.73,72.15,97.25,-298.83,1764850964.7890096
-245.94,352.19,9.37,109.93,1.36,-194.01,1764850964.812879
-251.65,330.11,5.72,121.94,-126.04,-68.91,1764850964.8366797
-252.60,347.65,17.46,131.25,-238.24,69.53,1764850964.8559017
-245.76,380.85,35.24,105.86,-336.90,198.60,1764850964.869926
-236.05,426.77,51.40,85.48,-443.27,316.41,1764850964.8963923
-230.19,468.66,64.84,99.96,-552.88,436.65,1764850964.9200416
-225.96,526.01,90.67,148.86,-653.54,533.15,1764850964.9408433
-222.97,618.56,125.82,201.23,-722.01,600.48,1764850964.9565914
-219.97,707.27,119.09,192.65,-808.11,646.31,1764850964.9815269
-216.53,785.68,115.18,248.35,-889.39,670.86,1764850965.0039833
-211.95,874.23,141.55,342.50,-960.28,693.53,1764850965.0240517
-207.16,990.45,209.72,382.32,-1053.24,703.80,1764850965.04554
-203.53,1130.03,317.16,343.58,-1139.16,678.33,1764850965.06178
-197.60,1267.57,449.74,316.34,-1179.78,632.98,1764850965.0876424
-189.86,1384.49,647.93,352.59,-1181.02,550.93,1764850965.1080472
-182.83,1483.86,857.79,390.30,-1091.76,339.29,1764850965.1290438
-163.36,1568.34,1036.17,353.06,-945.70,55.60,1764850965.1479104
-130.45,1640.13,1165.29,322.60,-749.24,-250.64,1764850965.171317
-92.59,1617.31,1203.80,316.81,-505.76,-577.84,1764850965.1887004
-56.95,1520.52,1163.33,314.89,-279.89,-867.97,1764850965.213204
-31.16,1375.09,1062.33,321.65,-95.71,-1098.67,1764850965.2338245
-19.43,1236.93,949.03,369.11,50.35,-1263.27,1764850965.254295
-16.97,1116.04,859.48,420.24,164.59,-1381.58,1764850965.2720144
-22.22,992.28,765.65,427.10,256.91,-1453.94,1764850965.297599
-36.14,876.74,672.11,431.44,314.97,-1496.85,1764850965.3191576
-55.17,769.23,586.74,460.92,366.42,-1524.02,1764850965.3395917
-78.09,692.09,520.18,466.48,393.96,-1518.62,1764850965.3584282
-101.78,618.28,460.00,453.81,400.87,-1481.03,1764850965.3763695
-126.86,550.59,394.30,382.14,392.04,-1426.87,1764850965.4036925
-150.43,480.90,335.91,345.82,387.83,-1358.04,1764850965.423786
-173.32,442.66,309.97,314.35,368.06,-1283.04,1764850965.444951
-193.67,413.92,299.63,265.09,340.75,-1201.28,1764850965.46445
-216.67,374.03,271.18,245.43,352.94,-1109.59,1764850965.4871593
-240.72,330.97,241.15,232.92,342.00,-1028.35,1764850965.506575
-265.21,281.33,213.83,224.98,346.50,-935.30,1764850965.5286517
-287.53,233.73,184.16,236.23,345.52,-829.80,1764850965.5394514
-307.70,178.57,125.18,247.30,318.29,-721.83,1764850965.5707598
-328.75,99.58,66.36,236.90,268.75,-584.46,1764850965.5867462
-347.53,24.50,29.40,232.87,201.14,-424.79,1764850965.612591
-360.35,-24.33,13.44,217.14,163.77,-239.27,1764850965.6229928
-362.10,-31.48,-23.07,155.47,93.90,-11.98,1764850965.6544151
-353.54,-7.26,-52.46,84.15,25.82,199.82,1764850965.6728668
-340.40,34.03,-61.69,58.02,-65.06,398.74,1764850965.6897526
-325.49,75.73,-44.64,48.42,-143.50,591.83,1764850965.7166817
-305.92,133.22,-19.64,7.56,-224.57,764.66,1764850965.7366579
-275.78,173.69,9.10,-49.38,-283.89,892.06,1764850965.7534518
-237.71,136.38,9.69,-31.17,-328.00,998.25,1764850965.7729788
-193.36,55.02,-21.47,24.51,-381.70,1153.61,1764850965.8014548
-140.20,21.57,-59.35,-1.97,-464.55,1356.17,1764850965.8198624
-72.82,29.89,-91.99,-88.67,-576.37,1591.05,1764850965.8411827
-11.80,116.75,-44.74,-159.67,-697.21,1846.49,1764850965.8611188
41.27,329.94,67.12,-193.32,-822.43,2110.42,1764850965.8864496
75.13,587.50,265.85,-138.22,-881.46,2312.85,1764850965.90581
72.56,806.42,485.92,-267.49,-908.55,2366.43,1764850965.9206614
45.93,992.51,720.08,-370.47,-869.76,2243.06,1764850965.9490094
18.04,1150.68,919.12,-418.40,-751.90,1887.70,1764850965.9700365
32.28,1285.13,1088.30,-441.14,-527.51,1314.75,1764850965.9892054
103.94,1399.41,1232.11,-420.27,-212.29,633.93,1764850966.0110831
214.20,1496.55,1235.69,-342.23,112.36,-44.36,1764850966.0267966
314.67,1404.37,1129.69,-195.79,411.40,-622.40,1764850966.0544105
380.27,1189.21,947.63,-41.62,635.29,-1071.74,1764850966.0744345
399.88,890.83,758.54,32.72,786.90,-1404.48,1764850966.0968606
377.40,593.86,603.06,73.41,861.76,-1543.91,1764850966.122783
331.29,363.33,456.95,105.00,895.40,-1587.42,1764850966.1367922
270.34,189.73,331.41,114.75,879.89,-1552.41,1764850966.1558304
202.19,73.37,240.60,33.94,842.41,-1432.65,1764850966.1701522
137.36,11.51,171.66,-27.25,776.65,-1290.05,1764850966.1991081
73.11,7.54,124.91,-45.07,710.55,-1151.44,1764850966.220078
10.84,31.91,89.22,-56.91,651.97,-1007.83,1764850966.242677
-45.98,62.07,46.59,-61.87,582.37,-874.05,1764850966.2577136
-95.64,107.21,24.15,-87.09,507.32,-742.94,1764850966.282799
-136.94,152.78,8.68,-79.73,439.92,-614.40,1764850966.3032808
-178.95,168.56,-15.12,-57.57,372.43,-508.74,1764850966.3225884
-217.66,185.58,-36.26,-62.43,300.97,-409.03,1764850966.3450415
-250.86,171.84,-62.47,-85.47,224.02,-283.18,1764850966.3617191
-273.38,162.86,-88.50,-110.75,124.72,-146.80,1764850966.3898554
-285.47,155.68,-132.22,-124.13,37.31,-23.08,1764850966.408456
-289.45,129.18,-175.84,-132.51,-101.49,126.48,1764850966.4206257
-290.88,118.65,-179.61,-172.94,-227.56,278.51,1764850966.4536731
-286.55,154.71,-154.62,-231.90,-369.23,457.23,1764850966.4736373
-272.22,240.55,-134.73,-288.31,-492.04,608.25,1764850966.49345
-260.94,297.47,-132.37,-260.37,-606.34,746.81,1764850966.5155332
-251.50,407.65,-86.86,-200.91,-731.99,867.29,1764850966.5365348
-239.12,570.45,-57.03,-166.87,-813.29,937.00,1764850966.5569406
-221.10,675.53,-107.28,-229.14,-916.00,978.55,1764850966.579037
-194.54,718.50,-148.94,-299.17,-1069.00,993.16,1764850966.5997722
-158.46,817.58,-111.30,-263.90,-1243.45,1032.59,1764850966.6202626
-127.49,962.09,42.50,-248.61,-1404.93,1051.40,1764850966.6372032
-101.17,1124.83,225.57,-294.42,-1501.39,1046.39,1764850966.6532247
-89.74,1263.15,439.09,-374.76,-1559.08,965.03,1764850966.6812563
-85.58,1380.73,671.27,-320.04,-1521.42,818.18,1764850966.7050798
-78.59,1480.67,877.63,-257.64,-1425.51,523.25,1764850966.7220855
-56.90,1565.62,1029.94,-256.19,-1269.58,178.66,1764850966.7364848
-22.57,1621.63,1123.10,-224.36,-1085.14,-219.84,1764850966.7665515
15.92,1573.38,1186.83,-134.01,-875.27,-602.36,1764850966.7870202
45.63,1466.98,1219.11,-31.11,-671.68,-913.11,1764850966.8051531
68.34,1317.58,1225.99,50.96,-460.83,-1177.84,1764850966.8205585
71.88,1125.94,1203.64,131.22,-285.20,-1349.46,1764850966.8515007
64.85,958.55,1162.75,205.13,-114.02,-1440.14,1764850966.8705304
47.02,836.97,1112.38,308.76,52.18,-1498.92,1764850966.8928096
25.72,740.82,1041.23,380.05,208.75,-1512.58,1764850966.9098365
-5.74,637.80,934.69,409.44,313.64,-1491.50,1764850966.936193
-39.23,546.78,835.59,410.73,400.39,-1474.47,1764850966.9566872
-73.09,445.56,753.15,419.32,463.93,-1431.80,1764850966.97772
-109.53,358.18,689.68,415.22,522.74,-1357.73,1764850966.9975154
-145.60,277.60,637.68,377.54,549.03,-1264.47,1764850967.0198982
-178.36,210.31,597.82,334.71,586.38,-1114.40,1764850967.0392866
-209.51,138.41,553.00,313.90,621.72,-964.34,1764850967.059592
-237.03,78.50,505.75,290.51,654.46,-786.99,1764850967.0825212
-259.08,56.23,447.89,253.84,688.89,-615.54,1764850967.1035476
-273.76,35.94,375.61,215.76,700.76,-444.01,1764850967.1205375
-285.35,-4.85,323.46,178.60,702.15,-277.21,1764850967.139372
-293.25,-32.17,277.64,146.41,679.62,-74.53,1764850967.1669042
-295.91,-45.80,239.15,141.25,677.28,116.65,1764850967.1872222
-292.92,-38.18,195.78,125.76,650.09,323.25,1764850967.2063897
-284.83,-5.75,153.66,87.10,601.78,545.67,1764850967.2230122
-274.81,48.36,125.96,17.93,549.91,755.72,1764850967.2484767
-262.09,132.91,111.87,-75.36,484.22,959.76,1764850967.2700925
-248.87,208.67,117.14,-118.95,444.29,1119.09,1764850967.2914934
-232.09,301.27,146.52,-173.11,393.55,1262.63,1764850967.3121157
-214.08,392.13,189.34,-242.54,360.01,1382.24,1764850967.328619
-191.27,474.16,243.59,-331.26,321.91,1485.70,1764850967.3547707
-161.08,517.34,298.85,-343.97,321.02,1567.35,1764850967.3702464
-130.62,586.29,356.47,-352.38,324.17,1658.34,1764850967.3947704
-98.42,706.24,441.60,-416.82,347.55,1744.69,1764850967.4192219
-66.86,831.76,485.31,-502.50,377.31,1783.59,1764850967.4394717
-38.38,983.89,549.76,-497.62,437.12,1810.65,1764850967.4601626
-14.62,1143.36,633.20,-491.98,478.35,1780.85,1764850967.4793308
4.67,1278.91,702.47,-518.38,552.70,1680.52,1764850967.5029373
14.62,1394.12,746.35,-548.63,673.79,1520.25,1764850967.5228965
22.48,1492.05,741.35,-511.63,810.02,1296.11,1764850967.5395432
29.90,1575.29,696.59,-454.69,919.82,1034.19,1764850967.5656953
39.07,1646.05,609.81,-420.98,1022.75,732.36,1764850967.5879047
49.56,1706.19,498.68,-438.24,1091.03,416.11,1764850967.6074831
59.37,1714.11,391.03,-421.40,1119.38,95.69,1764850967.6281006
66.37,1661.75,319.33,-387.59,1111.37,-201.86,1764850967.646961
66.16,1574.93,266.03,-350.45,1102.47,-468.28,1764850967.6713498
60.59,1440.09,199.12,-295.78,1072.40,-703.44,1764850967.6914158
41.90,1281.68,117.66,-236.42,1030.04,-855.02,1764850967.7122948
15.52,1144.78,53.81,-185.35,947.83,-958.07,1764850967.728042
-9.76,1056.31,24.59,-144.95,859.36,-1027.96,1764850967.754168
-38.00,976.61,7.70,-110.91,765.55,-1079.57,1764850967.774682
-66.20,898.37,-8.01,-84.97,667.82,-1110.23,1764850967.7964907
-94.97,812.37,-9.96,-32.03,579.35,-1130.90,1764850967.8176093
-122.72,721.86,3.69,32.18,486.75,-1119.06,1764850967.8382783
-152.16,621.38,10.03,52.85,410.73,-1084.40,1764850967.858493
-179.59,523.08,14.53,69.22,337.42,-1026.44,1764850967.8719442
-201.85,422.11,12.50,86.74,258.01,-954.08,1764850967.8993616
-226.17,307.20,30.72,96.83,166.21,-848.16,1764850967.9202602
-249.85,192.27,38.87,132.70,79.78,-718.84,1764850967.942059
-266.97,101.48,39.34,123.30,5.71,-533.31,1764850967.9639716
-275.82,52.51,34.04,93.40,-78.25,-298.52,1764850967.9778993
-280.65,56.48,38.83,68.29,-168.81,-80.94,1764850968.0057974
-281.45,96.46,50.11,62.25,-255.39,127.70,1764850968.0254765
-280.34,183.54,50.39,46.01,-330.78,323.35,1764850968.0484731
-274.44,287.11,57.23,19.61,-405.36,497.14,1764850968.0701892
-268.67,381.74,73.70,4.37,-476.26,618.47,1764850968.0898554
-260.92,482.43,85.59,47.21,-558.42,726.70,1764850968.1099246
-253.43,575.97,104.10,64.43,-639.06,781.80,1764850968.1281726
-248.12,647.67,118.19,101.57,-701.90,824.43,1764850968.153562
-246.60,733.97,136.16,136.43,-757.41,875.06,1764850968.1752555
-244.86,826.97,155.94,142.07,-813.00,898.00,1764850968.195121
-242.78,921.48,175.90,230.86,-860.55,936.70,1764850968.2144012
-237.41,1053.11,220.76,309.93,-903.37,942.60,1764850968.237268
-237.20,1202.19,292.05,290.44,-948.16,902.31,1764850968.2585254
-237.32,1328.91,380.99,284.37,-966.44,793.06,1764850968.2754998
-237.12,1436.63,497.54,315.52,-965.47,625.50,1764850968.3005216
-235.60,1528.18,646.26,362.09,-921.45,423.68,1764850968.3222985
-222.76,1606.00,796.82,377.98,-815.63,147.73,1764850968.3409853
-206.15,1649.95,901.85,362.08,-687.29,-133.33,1764850968.3641083
-187.68,1628.66,955.72,375.57,-526.30,-430.43,1764850968.3850431
-168.08,1592.56,969.11,413.13,-358.25,-658.07,1764850968.4059753
-149.31,1532.33,924.10,440.56,-188.11,-891.76,1764850968.4231489
-135.17,1436.73,843.08,444.68,-57.30,-1093.69,1764850968.438955
-122.99,1333.42,748.57,430.78,48.20,-1250.94,1764850968.4685295
-120.44,1217.41,656.08,451.66,127.07,-1357.30,1764850968.4879756
-122.93,1099.15,588.87,479.01,191.71,-1448.30,1764850968.509033
-131.49,969.67,529.04,457.26,239.75,-1519.06,1764850968.52794
-145.66,855.42,477.88,440.87,257.19,-1552.20,1764850968.5534413
-163.86,745.41,424.20,404.74,261.21,-1535.67,1764850968.5733798
-182.34,653.85,378.42,385.43,275.73,-1503.62,1764850968.5941498
-205.68,565.07,326.61,369.91,284.77,-1442.78,1764850968.6062818
-229.58,487.96,288.27,321.33,286.75,-1378.16,1764850968.6378138
-254.99,421.82,244.73,277.63,278.84,-1271.64,1764850968.6569972
-279.75,373.24,202.17,246.18,257.11,-1156.49,1764850968.6788483
-299.88,349.66,187.44,212.26,241.95,-1046.92,1764850968.6993432
-316.85,334.56,171.48,163.32,238.06,-938.78,1764850968.7203097
-330.22,309.72,140.20,136.72,219.15,-853.46,1764850968.7419336
-341.74,259.67,106.87,151.01,197.68,-768.64,1764850968.761299
-354.98,185.32,78.84,144.26,163.22,-662.65,1764850968.7794662
-365.63,98.87,65.82,139.42,136.34,-535.35,1764850968.8035543
-370.94,21.19,36.44,136.21,119.79,-360.25,1764850968.823264
-365.70,-17.39,2.33,113.98,79.32,-153.21,1764850968.845528
-353.74,-22.73,-53.37,92.68,26.02,53.97,1764850968.860898
-336.23,-13.02,-83.77,61.08,-39.68,256.48,1764850968.8887799
-314.90,-12.57,-96.70,35.72,-110.53,435.50,1764850968.9086215
-286.86,-6.78,-91.50,6.96,-196.85,625.48,1764850968.9272258
-247.28,7.58,-51.37,-66.38,-284.32,813.06,1764850968.9521205
-198.34,-15.45,-28.07,-111.63,-347.27,1014.50,1764850968.9731789
-143.39,-69.69,-6.01,-86.48,-387.28,1221.12,1764850968.9901676
-85.58,-39.88,12.74,-152.41,-443.49,1510.46,1764850969.013383
-35.84,124.65,33.03,-240.85,-512.87,1759.39,1764850969.0361187
-5.57,329.75,55.53,-380.82,-588.94,1966.48,1764850969.0558786
4.57,587.34,111.25,-464.40,-698.90,2117.61,1764850969.0701027
-15.32,806.29,232.71,-440.94,-777.06,2157.57,1764850969.0984178
-61.17,992.40,442.30,-475.60,-810.20,2127.63,1764850969.1202574
-108.69,1150.59,683.01,-535.36,-749.87,1974.39,1764850969.1405218
-143.09,1285.05,887.61,-566.65,-631.09,1672.53,1764850969.1610732
-140.53,1399.34,1061.52,-507.46,-432.33,1232.95,1764850969.1775315
-92.30,1496.49,1155.64,-470.34,-155.08,688.31,1764850969.2037466
-18.60,1557.47,1134.84,-333.19,115.98,139.26,1764850969.2208362
47.34,1445.20,1041.12,-168.91,358.99,-355.33,1764850969.2393074
85.24,1248.97,904.15,-79.67,533.44,-725.33,1764850969.2665427
98.85,1045.42,756.08,14.18,666.12,-981.63,1764850969.2869883
98.57,849.61,614.77,68.45,733.30,-1128.69,1764850969.3089693
84.84,671.47,499.45,96.28,804.51,-1181.08,1764850969.3286557
62.96,540.30,395.28,101.64,812.83,-1213.02,1764850969.3458178
34.62,433.45,295.04,69.00,788.41,-1195.17,1764850969.3704388
-1.62,347.28,199.78,48.45,755.95,-1122.99,1764850969.3917289
-38.13,304.49,125.42,3.68,697.45,-1026.84,1764850969.4128244
-76.21,267.67,72.55,-16.07,638.44,-935.52,1764850969.4279988
-114.13,254.37,33.77,-40.36,576.57,-841.99,1764850969.455858
-151.91,251.61,-5.34,-56.81,495.19,-738.79,1764850969.474163
-184.92,262.17,-59.44,-57.59,434.71,-633.07,1764850969.4890635
-212.84,266.35,-111.13,-75.95,324.80,-531.21,1764850969.5182562
-237.61,238.54,-162.26,-50.76,232.28,-450.03,1764850969.537213
-258.07,195.86,-200.62,-43.14,112.84,-351.03,1764850969.555615
-271.11,133.93,-236.83,-58.57,-18.99,-205.67,1764850969.581532
-272.29,65.99,-256.80,-109.79,-132.24,-44.62,1764850969.5955644
-265.35,38.39,-260.73,-141.02,-284.00,151.37,1764850969.6237159
-252.70,65.78,-231.82,-161.57,-439.40,372.57,1764850969.644144
-238.04,146.07,-201.10,-179.63,-576.89,554.88,1764850969.6612606
-221.84,219.11,-185.63,-156.89,-704.26,735.65,1764850969.6870866
-203.26,341.49,-180.14,-191.55,-835.32,886.00,1764850969.7042184
-179.97,510.17,-177.57,-238.42,-971.92,990.40,1764850969.7234735
-154.48,675.14,-167.88,-298.36,-1132.73,1066.54,1764850969.7483332
-135.35,848.22,-81.05,-282.70,-1284.42,1074.56,1764850969.770893
-119.85,1028.04,75.26,-233.70,-1393.26,1067.58,1764850969.791538
-116.72,1180.88,260.92,-204.64,-1467.17,989.04,1764850969.8116457
-119.46,1310.80,441.98,-239.35,-1482.60,829.28,1764850969.8282967
-119.70,1421.23,663.53,-227.44,-1434.51,575.59,1764850969.8540344
-112.84,1515.10,871.05,-166.93,-1335.43,265.75,1764850969.873554
-90.81,1594.88,1047.45,-130.79,-1177.72,-96.31,1764850969.894392
-62.04,1589.35,1172.18,-102.47,-1005.26,-445.16,1764850969.9128978
-31.74,1504.10,1267.10,-45.10,-777.07,-758.79,1764850969.9374056
-11.38,1374.33,1316.59,47.77,-540.81,-1007.37,1764850969.958567
-1.12,1220.38,1319.50,144.10,-307.29,-1230.07,1764850969.977591
-0.95,1069.57,1287.92,240.99,-60.79,-1363.26,1764850969.9945185
-6.66,949.49,1232.29,337.74,151.12,-1445.87,1764850970.0221457
-15.86,852.82,1116.89,425.38,328.56,-1495.99,1764850970.041543
-35.98,737.19,970.81,494.17,491.07,-1545.19,1764850970.0535164
-64.63,622.11,849.94,537.04,607.31,-1547.11,1764850970.0843885
-93.64,517.55,749.45,571.69,681.51,-1503.74,1764850970.1037302
-123.84,417.56,656.38,576.23,733.19,-1433.28,1764850970.126694
-152.67,311.88,562.42,591.80,766.31,-1352.69,1764850970.1451356
-185.12,184.40,452.26,610.13,784.86,-1231.09,1764850970.1701336
-214.05,86.09,359.22,570.51,780.83,-1086.02,1764850970.1904917
-235.34,28.93,303.09,487.03,767.51,-899.72,1764850970.211642
-254.49,-41.26,249.67,411.58,734.58,-711.96,1764850970.2315614
-266.87,-100.62,205.62,376.24,707.79,-486.97,1764850970.2541044
-273.79,-140.28,167.58,366.01,693.43,-278.32,1764850970.2707026
-278.92,-173.84,125.04,314.10,683.91,-37.37,1764850970.2910283
-278.33,-173.56,75.84,223.49,646.73,221.43,1764850970.315922
-267.93,-126.83,21.71,136.57,595.62,497.52,1764850970.3371396
-246.19,-26.35,-26.25,38.08,518.57,733.99,1764850970.3579648
-224.41,52.15,-37.46,-65.73,430.29,930.49,1764850970.3761806
-203.50,108.08,-3.49,-141.67,367.24,1127.82,1764850970.4005594
-183.78,197.02,78.03,-206.52,329.26,1306.64,1764850970.4205165
-163.26,290.76,165.63,-258.94,309.57,1443.65,1764850970.4406424
-142.37,340.60,234.23,-336.50,302.13,1597.00,1764850970.4613225
-112.46,443.56,269.90,-429.43,322.21,1767.55,1764850970.478461
-77.30,601.72,291.81,-528.51,346.18,1897.52,1764850970.5051353
-41.70,807.27,331.44,-588.74,348.85,1969.59,1764850970.524599
-23.00,993.23,377.28,-635.73,369.13,1994.25,1764850970.5466058
-13.10,1151.29,457.33,-745.87,410.06,1947.11,1764850970.5695384
-0.33,1285.65,566.18,-750.99,484.15,1876.45,1764850970.5895815
13.52,1399.85,646.11,-782.04,576.23,1733.88,1764850970.6052577
22.74,1496.92,684.94,-804.83,676.09,1530.80,1764850970.6316202
33.88,1579.44,656.00,-838.01,798.18,1313.78,1764850970.650341
44.10,1649.57,627.50,-800.51,897.45,1046.81,1764850970.6704652
54.13,1709.18,593.97,-744.03,988.73,739.49,1764850970.691925
70.76,1759.86,548.23,-762.63,1081.02,412.87,1764850970.714571
91.35,1770.08,477.24,-749.93,1147.77,68.64,1764850970.7368157
109.15,1720.12,405.66,-657.24,1215.30,-226.36,1764850970.7566924
122.62,1629.65,333.11,-529.56,1250.21,-520.31,1764850970.778126
129.43,1495.30,233.79,-457.02,1278.98,-790.86,1764850970.7899354
123.82,1293.81,112.17,-377.97,1261.13,-994.43,1764850970.8212585
105.54,1099.74,12.85,-288.27,1209.06,-1127.87,1764850970.841559
74.86,903.43,-70.83,-217.73,1108.70,-1206.19,1764850970.8567252
33.48,712.86,-142.56,-122.37,986.80,-1216.06,1764850970.8834789
-10.84,523.88,-189.72,-65.32,832.78,-1151.25,1764850970.904416
-54.66,364.60,-217.51,-26.12,678.16,-1016.66,1764850970.9253635
-91.31,261.46,-231.84,5.10,538.94,-860.26,1764850970.945183
-119.77,191.94,-249.41,15.43,385.20,-680.82,1764850970.9681299
-139.75,147.70,-275.15,39.82,231.42,-493.20,1764850970.9889996
-154.34,115.04,-289.08,56.35,55.70,-286.02,1764850971.0085652
-163.44,116.99,-281.27,64.99,-98.45,-85.02,1764850971.0305781
-167.57,162.59,-255.13,63.64,-263.38,149.14,1764850971.0516698
-164.34,242.90,-217.01,37.00,-417.98,323.87,1764850971.071506
-156.49,345.52,-177.71,41.65,-565.58,463.69,1764850971.0939302
-150.86,461.39,-104.70,69.90,-701.84,576.23,1764850971.1117427
-150.73,569.33,-22.09,161.42,-788.87,675.50,1764850971.136191
-153.02,695.73,50.67,193.60,-862.54,759.87,1764850971.1567607
-160.37,792.97,80.72,181.36,-926.66,800.69,1764850971.1781044
-165.41,871.28,114.51,257.06,-970.36,810.49,1764850971.1980586
-170.30,951.48,139.63,363.40,-1015.90,822.12,1764850971.2128336
-171.31,1087.01,197.44,469.39,-1060.92,817.00,1764850971.2404282
-170.21,1231.01,288.27,458.38,-1093.18,761.65,1764850971.2622454
-170.78,1353.41,395.78,408.82,-1098.40,669.60,1764850971.2792869
-170.06,1457.45,523.17,424.90,-1079.74,531.36,1764850971.3029091
-165.40,1545.88,678.69,425.07,-1017.68,337.96,1764850971.323659
-153.19,1621.05,821.39,400.01,-890.53,64.66,1764850971.3446977
-134.71,1660.79,917.18,350.80,-716.45,-210.54,1764850971.3614419
-108.36,1644.77,961.55,326.68,-514.48,-490.66,1764850971.3861902
-83.10,1577.61,940.77,337.08,-334.71,-749.46,1764850971.40761
-64.19,1475.22,872.10,322.22,-178.30,-964.04,1764850971.4284647
-56.51,1336.88,768.44,317.09,-33.66,-1130.83,1764850971.4511282
-58.23,1200.40,681.67,285.12,70.09,-1255.81,1764850971.4699001
-66.00,1074.64,607.32,302.65,147.18,-1351.54,1764850971.4936254
-81.00,963.99,546.22,324.46,208.20,-1394.81,1764850971.511084
-102.30,880.15,483.79,339.39,244.77,-1407.29,1764850971.5279605
-127.75,800.47,412.57,338.88,277.05,-1397.19,1764850971.5529418
-151.94,735.15,342.89,305.45,298.80,-1365.81,1764850971.574606
-175.95,677.38,272.70,287.83,307.98,-1341.24,1764850971.5901513
-197.26,636.07,209.75,279.46,292.08,-1304.16,1764850971.6188812
-216.87,588.96,170.94,243.24,273.17,-1251.63,1764850971.6394222
-241.04,521.17,161.49,204.35,250.49,-1180.29,1764850971.6604598
-266.08,454.69,172.37,149.40,230.92,-1111.84,1764850971.68123
-290.67,406.44,163.62,136.29,219.38,-1025.17,1764850971.7029562
-314.12,360.92,127.52,148.55,228.17,-923.29,1764850971.7231035
-342.60,309.93,91.44,130.76,211.35,-826.50,1764850971.7432454
-373.56,269.29,64.53,97.05,171.25,-697.12,1764850971.7652404
-404.08,264.15,45.10,42.59,141.36,-549.06,1764850971.7862506
-432.57,275.83,13.28,7.40,110.56,-425.00,1764850971.8068008
-458.43,318.60,-4.91,-46.81,44.47,-277.85,1764850971.8270674
-480.27,375.51,18.93,-102.49,-28.80,-180.37,1764850971.844841
-501.08,426.59,60.94,-143.51,-73.98,-98.41,1764850971.8700757
-516.51,489.05,96.65,-185.89,-80.88,-16.75,1764850971.890673
-529.34,573.19,104.35,-229.10,-97.85,14.26,1764850971.9106386
-542.64,629.71,106.70,-287.74,-113.77,19.02,1764850971.9283493
-553.04,645.21,127.14,-296.18,-124.61,5.67,1764850971.9542563
-553.19,652.07,170.62,-323.15,-117.92,-31.48,1764850971.9755905
-554.66,598.96,177.28,-359.88,-97.83,-61.56,1764850971.9938622
-553.81,515.72,170.34,-398.30,-85.55,-47.83,1764850972.0110545
-554.59,478.26,200.74,-446.55,-89.22,1.05,1764850972.0383809
-545.20,485.42,219.38,-493.57,-60.84,47.99,1764850972.058272
-543.37,472.76,168.32,-530.23,-31.61,78.59,1764850972.0751715
-558.46,451.79,94.47,-524.80,-66.77,117.20,1764850972.1012182
-575.94,465.18,50.45,-504.88,-135.05,198.02,1764850972.1213737
-584.95,527.25,38.53,-493.95,-224.60,267.32,1764850972.1439998
-599.51,621.86,87.05,-549.76,-307.01,328.32,1764850972.162064
-616.68,683.08,159.80,-533.59,-390.26,365.17,1764850972.1862435
-631.28,733.77,266.18,-483.25,-438.82,387.20,1764850972.2070177
-643.54,816.00,413.60,-428.77,-446.49,373.52,1764850972.228088
-650.21,889.35,540.86,-388.15,-366.02,355.29,1764850972.2443125
-651.98,934.30,603.88,-375.53,-288.02,341.00,1764850972.2693539
-646.13,953.31,601.95,-365.40,-208.21,286.25,1764850972.289467
-635.46,968.56,582.91,-301.29,-122.08,228.31,1764850972.3118813
-622.34,962.03,563.72,-244.70,-50.07,169.16,1764850972.3279178
-609.54,926.32,539.31,-196.89,6.94,114.69,1764850972.3529465
-601.51,853.97,495.47,-184.46,33.50,74.69,1764850972.3735745
-593.48,789.93,449.05,-148.39,55.17,71.28,1764850972.3946264
-584.56,737.59,417.24,-109.03,49.60,65.99,1764850972.4150388
-573.83,697.00,382.55,-98.38,73.06,88.19,1764850972.4362035
-562.00,673.45,363.27,-101.62,41.40,134.06,1764850972.457662
-550.60,677.28,359.93,-103.48,15.09,182.35,1764850972.477603
-541.36,686.99,360.54,-82.56,2.63,219.80,1764850972.4936886
-531.26,712.19,377.86,-65.97,-25.07,225.23,1764850972.5192685
-516.97,755.36,381.33,-51.88,-29.41,222.65,1764850972.539961
-500.32,800.61,364.63,-70.79,-18.70,214.15,1764850972.5575023
-483.33,810.12,343.69,-100.08,-23.99,175.43,1764850972.583216
-472.03,780.55,324.53,-114.16,-59.09,136.81,1764850972.6054826
-467.07,738.77,338.70,-127.94,-87.43,149.89,1764850972.6266305
-466.61,697.85,383.60,-147.75,-114.81,154.71,1764850972.6451483
-456.92,672.22,429.11,-141.49,-114.39,171.40,1764850972.661926
-442.98,654.64,419.94,-152.66,-106.53,208.99,1764850972.689429
-426.03,642.54,376.60,-183.46,-114.55,225.64,1764850972.7086349
-416.73,626.56,346.81,-197.94,-154.67,246.10,1764850972.7277777
-415.87,630.83,341.44,-205.75,-190.57,284.78,1764850972.7532296
-417.24,658.45,365.22,-209.99,-231.88,314.96,1764850972.7727165
-422.00,694.54,404.79,-230.09,-270.90,331.92,1764850972.7946196
-425.90,715.91,428.97,-250.78,-284.57,357.13,1764850972.8102672
-431.92,741.72,455.53,-256.96,-281.78,381.86,1764850972.8360682
-437.78,786.01,472.10,-254.42,-276.11,393.88,1764850972.856517
-443.06,836.26,469.53,-242.05,-256.60,402.30,1764850972.8772311
-446.20,875.67,478.45,-232.75,-254.11,365.96,1764850972.8970077
-446.02,899.12,505.38,-223.63,-256.19,334.16,1764850972.9208436
-443.32,911.25,550.48,-206.29,-244.16,284.04,1764850972.9398935
-440.27,917.36,589.26,-174.75,-209.94,239.93,1764850972.9616313
-434.98,920.91,616.67,-171.93,-167.05,205.14,1764850972.9784036
-426.28,920.77,627.82,-148.54,-124.89,157.87,1764850973.0030453
-416.34,898.31,619.59,-132.86,-90.86,104.19,1764850973.0259
-409.39,849.96,595.21,-125.53,-48.13,52.26,1764850973.044627
-399.13,792.37,542.97,-113.60,-28.31,1.52,1764850973.0656471
-390.41,731.56,501.28,-135.56,-32.46,-4.11,1764850973.088628
-384.50,691.88,477.84,-126.03,-52.79,30.71,1764850973.1070118
-380.08,671.80,476.81,-154.22,-75.77,75.90,1764850973.1304996
-374.66,668.08,484.19,-169.79,-81.21,91.52,1764850973.1512687
-368.56,681.42,495.86,-172.52,-100.23,137.79,1764850973.172655
-362.78,702.65,507.28,-157.44,-110.69,142.32,1764850973.1925476
-355.91,724.00,516.09,-146.13,-109.09,170.47,1764850973.214874
-352.48,748.75,519.38,-126.31,-113.13,175.50,1764850973.2364032
-347.60,788.39,524.87,-106.76,-132.16,176.18,1764850973.256776
-343.91,831.38,544.09,-80.55,-129.13,173.45,1764850973.2776167
-341.98,864.33,559.83,-66.07,-123.56,141.73,1764850973.2950485
-339.88,883.48,575.60,-46.26,-110.43,102.77,1764850973.3199062
-336.60,880.55,582.86,-36.02,-85.16,72.96,1764850973.3397195
-333.96,855.87,569.53,-27.01,-63.39,35.91,1764850973.4067433
-333.06,821.54,541.25,-0.76,-46.38,10.13,1764850973.4087534
-333.65,787.41,523.36,9.85,-28.32,-4.59,1764850973.4156365
-333.86,757.80,508.16,23.97,-30.68,-11.10,1764850973.4256966
-336.58,730.08,497.34,24.28,-61.17,3.46,1764850973.4463632
-336.49,720.92,495.94,36.24,-76.00,12.24,1764850973.4658608
-337.02,718.23,495.65,24.20,-80.50,47.01,1764850973.4874074
-337.02,719.84,509.35,36.17,-85.22,66.96,1764850973.5063267
-336.26,732.62,530.15,25.65,-88.04,76.11,1764850973.523498
-333.67,757.28,548.87,39.50,-67.33,89.00,1764850973.549103
-332.07,775.23,557.29,29.37,-73.13,72.35,1764850973.5715108
-331.31,785.55,561.90,8.77,-49.26,55.79,1764850973.5898867
-330.06,793.72,571.96,30.25,-33.47,45.62,1764850973.6056266
-330.21,799.46,578.27,39.51,-12.85,27.98,1764850973.6344397
-330.32,805.84,580.63,45.29,6.17,17.18,1764850973.6540265
-327.88,807.36,564.48,27.99,34.35,0.81,1764850973.674696
-325.79,798.91,542.06,17.80,48.70,-11.61,1764850973.691647
-322.83,792.62,529.00,17.23,58.79,-11.97,1764850973.7180758
-319.10,780.53,521.50,5.04,50.87,-29.08,1764850973.7372797
-317.74,780.60,516.03,-11.91,58.54,-32.52,1764850973.7540922
-316.43,790.11,508.07,-46.43,53.36,-29.74,1764850973.7728503
-316.81,804.19,504.46,-40.36,51.06,-27.38,1764850973.8006973
-319.24,813.01,504.24,-53.21,47.30,-52.37,1764850973.8207211
-323.10,815.41,506.46,-59.63,36.60,-66.71,1764850973.843653
-328.19,812.35,504.44,-59.38,43.71,-92.41,1764850973.8593173
-335.06,787.40,500.02,-49.28,41.36,-115.45,1764850973.8869936
-341.80,753.44,494.02,-51.18,39.35,-119.73,1764850973.906284
-350.23,719.02,498.52,-44.41,35.25,-118.87,1764850973.9281495
-359.80,687.07,511.64,-68.65,20.06,-91.14,1764850973.9445047
-365.98,662.46,534.19,-58.95,33.85,-86.47,1764850973.9709597
-370.18,652.79,568.51,-55.21,32.07,-45.60,1764850973.9887674
-372.40,667.22,600.09,-66.43,64.16,-18.96,1764850974.004513
-372.04,690.14,619.42,-61.86,93.24,-16.11,1764850974.0326772
-369.04,714.12,629.41,-62.78,121.85,3.10,1764850974.0543754
-365.13,731.35,617.80,-52.17,142.28,0.54,1764850974.074307
-360.46,743.00,589.33,-44.64,161.73,-3.44,1764850974.0951917
-356.49,751.70,552.98,-49.64,169.87,1.27,1764850974.1124709
-353.27,754.44,519.68,-44.90,167.49,22.68,1764850974.138332
-350.98,754.98,491.98,-35.76,160.67,10.28,1764850974.157503
-346.78,753.78,463.93,-42.40,142.87,8.44,1764850974.1773474
-345.16,752.76,443.84,-33.04,122.64,8.97,1764850974.195345
-343.19,758.05,442.97,-4.38,102.14,5.23,1764850974.2223256
-341.21,766.14,438.17,10.97,79.02,2.64,1764850974.2391605
-338.18,770.77,398.85,36.03,71.07,-7.65,1764850974.2605708
-334.70,778.15,341.72,47.12,26.51,-21.81,1764850974.2806866
-332.50,779.93,316.26,26.56,-56.67,-48.24,1764850974.3048587
-332.27,757.89,357.92,-7.73,-135.17,-70.10,1764850974.3236444
-331.93,734.96,439.83,-38.07,-181.79,-67.38,1764850974.3374586
-335.39,704.66,532.56,-63.26,-196.82,-50.98,1764850974.3676596
-337.58,684.31,600.12,-47.17,-182.60,-5.83,1764850974.3878624
-337.65,680.52,616.46,-29.59,-138.71,32.84,1764850974.411238
-335.15,703.54,603.04,-11.66,-108.60,57.32,1764850974.431883
-334.68,733.31,578.43,7.49,-86.61,73.92,1764850974.4496531
-335.78,756.36,559.77,16.87,-75.42,82.33,1764850974.4726138
-338.96,780.91,545.10,9.84,-74.61,72.68,1764850974.487749
-341.66,801.92,528.89,3.86,-82.62,54.58,1764850974.5161312
-346.52,806.13,510.15,9.88,-86.72,39.49,1764850974.5372496
-351.39,799.51,491.83,-5.10,-91.72,3.57,1764850974.5577588
-353.43,786.69,483.01,-2.53,-87.56,-25.17,1764850974.577999
