ax,ay,az,gx,gy,gz,beat_event
-0.804727,5.192402,7.606582,-2.926829,0.731707,2.195122,0
-0.689766,5.355264,7.644903,-5.121951,-2.804878,1.707317,0
-0.641865,5.269043,7.558682,-1.585366,0.487805,-2.804878,0
-0.689766,5.269043,7.635323,-10.000000,-5.853659,-3.170732,0
-0.622705,5.259463,7.529942,-3.292683,0.853659,-3.536585,0
-0.641865,5.278623,7.558682,-2.804878,-0.731707,8.902439,0
-0.680186,5.345684,7.491621,-4.756098,-5.853659,-0.731707,0
-0.737666,5.278623,7.587422,-1.341463,6.463415,-2.317073,0
-0.689766,5.374424,7.539522,-2.682927,-1.219512,-6.829268,0
-0.661025,5.355264,7.510782,6.707317,-5.487805,2.195122,0
-0.622705,5.307364,7.395821,-4.024390,1.585366,5.975610,0
-0.728086,5.393584,7.424561,0.487805,-4.024390,-7.439024,0
-0.689766,5.201982,7.491621,-5.243903,-2.195122,7.682927,0
-0.718506,5.278623,7.482041,3.414634,1.585366,-3.780488,0
-0.708926,5.336104,7.539522,-0.609756,1.097561,-1.951220,0
-0.756826,5.336104,7.491621,-4.634147,4.756098,-1.341463,0
-0.728086,5.316944,7.529942,-0.853659,-5.487805,3.780488,0
-0.699346,5.336104,7.529942,-4.756098,-3.170732,-6.219512,0
-0.689766,5.364844,7.405401,3.902439,5.609756,0.365854,0
-0.670605,5.307364,7.539522,5.487805,7.560976,4.146341,0
-0.603545,5.269043,7.491621,-2.804878,3.902439,2.926829,0
-0.699346,5.374424,7.529942,2.195122,1.097561,-0.121951,0
-0.622705,5.345684,7.434141,3.170732,2.560976,-5.365854,0
-0.708926,5.364844,7.539522,3.780488,1.707317,-0.487805,0
-0.699346,5.316944,7.529942,2.804878,-5.609756,0.000000,0
-0.670605,5.345684,7.482041,-3.902439,-4.878049,2.073171,0
-0.699346,5.307364,7.558682,-1.463415,1.219512,5.731708,0
-0.737666,5.326524,7.529942,-4.512195,-1.829268,3.780488,0
-0.756826,5.345684,7.453301,3.780488,-2.804878,-1.219512,0
-0.728086,5.307364,7.434141,0.975610,-3.658537,-1.341463,0
-0.747246,5.326524,7.558682,-1.097561,-4.878049,5.243903,0
-0.747246,5.192402,7.529942,3.780488,-4.756098,2.317073,0
-0.680186,5.307364,7.472461,-2.195122,2.560976,-3.780488,0
-0.737666,5.422325,7.539522,1.585366,-6.097561,-3.414634,0
-0.670605,5.288203,7.568262,-0.609756,3.536585,3.414634,0
-0.670605,5.374424,7.549102,-0.609756,7.926829,5.243903,0
-0.632285,5.345684,7.568262,-0.731707,-7.195122,2.439024,0
-0.718506,5.297783,7.539522,-0.609756,0.853659,-3.658537,0
-0.680186,5.336104,7.491621,-4.390244,-12.682927,4.146341,0
-0.708926,5.259463,7.491621,1.219512,-0.975610,3.048780,0
-0.651445,5.316944,7.529942,4.390244,-2.560976,1.463415,0
-0.699346,5.489385,7.587422,0.975610,5.243903,-2.195122,0
-0.747246,5.288203,7.395821,-1.707317,0.243902,1.463415,0
-0.680186,5.326524,7.510782,0.243902,-1.463415,2.439024,0
-0.689766,5.316944,7.529942,1.707317,6.097561,-5.365854,0
-0.689766,5.412745,7.472461,3.902439,-4.024390,-5.000000,0
-0.775986,5.316944,7.625742,-2.682927,4.268293,2.439024,0
-0.670605,5.316944,7.549102,-3.658537,2.560976,-0.487805,0
-0.680186,5.364844,7.482041,0.487805,-2.926829,-0.121951,0
-0.661025,5.316944,7.520361,-0.731707,2.926829,2.317073,0
-0.661025,5.384004,7.549102,-0.853659,3.536585,-0.609756,0
-0.689766,5.307364,7.539522,-2.804878,3.292683,0.365854,0
-0.689766,5.345684,7.597003,-1.219512,-0.487805,-8.414635,0
-0.728086,5.316944,7.558682,-5.487805,1.097561,0.975610,0
-0.708926,5.336104,7.587422,-0.121951,-6.341464,-3.780488,0
-0.766406,5.297783,7.510782,0.000000,2.073171,-3.902439,0
-0.651445,5.163662,7.529942,-10.000000,3.658537,1.341463,0
-0.651445,5.115762,7.558682,2.195122,11.829268,-6.829268,0
-0.661025,5.278623,7.625742,3.536585,-4.390244,1.219512,0
-0.708926,5.345684,7.664063,3.048780,-5.731708,-0.731707,0
-0.708926,5.240303,7.577842,5.609756,-1.585366,2.560976,0
-0.737666,5.240303,7.491621,-3.292683,2.560976,3.780488,0
-0.689766,5.278623,7.539522,8.170732,-1.463415,-0.487805,0
-0.728086,5.230723,7.453301,9.024390,-4.146341,3.414634,0
-0.718506,5.336104,7.577842,4.512195,4.878049,-3.658537,0
-0.804727,5.384004,7.549102,-4.512195,-0.121951,-3.414634,0
-0.661025,5.230723,7.558682,8.414635,2.073171,-3.170732,0
-0.670605,5.230723,7.501202,-2.804878,3.536585,-3.536585,0
-0.689766,5.269043,7.539522,0.000000,1.585366,2.682927,0
-0.680186,5.269043,7.510782,-0.121951,-1.097561,-1.219512,0
-0.622705,5.336104,7.577842,-4.024390,0.609756,0.243902,0
-0.632285,5.374424,7.625742,2.682927,2.439024,-0.487805,0
-0.689766,5.336104,7.520361,-3.536585,-7.682927,-0.121951,0
-0.689766,5.518125,7.482041,-2.560976,-1.463415,0.853659,0
-0.680186,5.297783,7.549102,-7.560976,0.731707,1.829268,0
-0.651445,5.240303,7.568262,-0.609756,1.219512,-3.292683,0
-0.689766,5.412745,7.549102,2.682927,0.853659,-2.560976,0
-0.689766,5.316944,7.529942,1.219512,11.341464,5.243903,0
-0.670605,5.422325,7.587422,-4.634147,3.048780,4.024390,0
-0.622705,5.345684,7.434141,-5.853659,3.536585,-0.487805,0
-0.708926,5.230723,7.587422,0.731707,2.317073,-3.658537,0
-0.708926,5.221143,7.539522,1.951220,-0.487805,1.463415,0
-0.670605,5.182823,7.606582,-0.975610,2.439024,1.463415,0
-0.661025,5.355264,7.491621,7.317073,-3.902439,0.365854,0
-0.699346,5.364844,7.616162,-1.463415,2.073171,7.560976,0
-0.661025,5.336104,7.520361,-2.926829,-1.585366,4.878049,0
-0.728086,5.345684,7.510782,-0.731707,-1.341463,2.926829,0
-0.708926,5.173243,7.587422,5.365854,0.609756,1.097561,0
-0.689766,5.307364,7.568262,-0.365854,4.634147,2.317073,0
-0.622705,5.336104,7.510782,7.317073,-0.975610,6.341464,0
-0.670605,5.316944,7.520361,3.780488,-0.975610,0.243902,0
-0.670605,5.259463,7.539522,2.560976,-1.707317,-0.121951,0
-0.708926,5.355264,7.501202,0.487805,2.804878,-5.487805,0
-0.689766,5.269043,7.539522,0.975610,-4.146341,1.707317,0
-0.747246,5.326524,7.510782,6.463415,0.609756,-0.853659,0
-0.680186,5.393584,7.568262,-1.829268,-2.439024,4.878049,0
-0.699346,5.297783,7.635323,2.682927,6.951220,-3.292683,0
-0.737666,5.297783,7.616162,2.317073,-0.365854,-9.024390,0
-0.680186,5.345684,7.510782,-5.487805,-0.487805,2.560976,0
-0.708926,5.240303,7.453301,0.487805,2.439024,3.902439,0
-0.670605,5.221143,7.597003,-3.780488,-1.463415,4.756098,0
-0.680186,5.259463,7.510782,-2.560976,0.609756,0.731707,0
-0.699346,5.269043,7.606582,-2.195122,2.195122,3.658537,0
-0.766406,5.182823,7.587422,2.073171,-1.341463,3.048780,0
-0.747246,5.336104,7.625742,3.902439,-5.000000,-0.853659,0
-0.689766,5.211563,7.520361,-0.487805,7.073171,-0.609756,0
-0.737666,5.316944,7.549102,4.390244,0.000000,4.634147,0
-0.689766,5.307364,7.568262,-0.975610,-2.682927,2.439024,0
-0.680186,5.269043,7.510782,3.780488,4.268293,-1.585366,0
-0.699346,5.307364,7.635323,0.487805,-2.804878,3.170732,0
-0.651445,5.259463,7.577842,-0.487805,4.024390,1.097561,0
-0.728086,5.345684,7.520361,1.341463,-0.731707,-3.780488,0
-0.699346,5.345684,7.510782,10.487805,-0.243902,-1.585366,0
-0.680186,5.374424,7.405401,1.463415,-6.585366,0.000000,0
-0.737666,5.316944,7.510782,-1.463415,-1.829268,0.365854,0
-0.718506,5.355264,7.520361,-2.560976,-6.097561,1.829268,0
-0.651445,5.259463,7.539522,-1.951220,-2.926829,-1.219512,0
-0.641865,5.259463,7.606582,-3.292683,8.048780,-0.975610,0
-0.708926,5.384004,7.549102,-5.121951,-2.926829,-4.878049,0
-0.689766,5.269043,7.587422,3.780488,-5.000000,-2.682927,0
-0.641865,5.230723,7.558682,5.243903,2.439024,0.121951,0
-0.708926,5.364844,7.597003,1.951220,-4.146341,-3.170732,0
-0.680186,5.259463,7.549102,1.585366,-0.121951,5.000000,0
-0.699346,5.297783,7.539522,5.609756,-0.731707,0.853659,0
-0.689766,5.211563,7.520361,4.268293,1.829268,-3.170732,0
-0.737666,5.316944,7.510782,2.317073,-5.975610,1.829268,0
-0.632285,5.288203,7.414981,4.146341,-5.000000,-1.219512,0
-0.680186,5.288203,7.577842,-1.341463,4.756098,-0.487805,0
-0.737666,5.278623,7.510782,-0.609756,0.000000,0.000000,0
-0.661025,5.336104,7.491621,8.048780,-1.951220,1.097561,0
-0.756826,5.297783,7.539522,-0.365854,-1.707317,5.365854,0
-0.699346,5.316944,7.577842,-5.121951,0.243902,2.560976,0
-0.689766,5.364844,7.577842,11.097561,5.487805,-9.268293,0
-0.689766,5.307364,7.539522,4.878049,2.073171,-4.268293,0
-0.670605,5.211563,7.587422,0.487805,-3.414634,1.097561,0
-0.641865,5.316944,7.558682,3.048780,-6.829268,-1.341463,0
-0.718506,5.259463,7.654483,3.170732,-0.731707,-1.951220,0
-0.699346,5.249883,7.539522,1.585366,-1.097561,0.365854,0
-0.689766,5.297783,7.616162,-1.951220,-1.463415,-1.219512,0
-0.699346,5.316944,7.529942,3.536585,7.926829,0.000000,0
-0.689766,5.307364,7.501202,-0.365854,-2.926829,7.560976,0
-0.632285,5.336104,7.520361,2.317073,2.560976,-0.487805,0
-0.699346,5.307364,7.587422,3.292683,-2.195122,-2.073171,0
-0.728086,5.297783,7.568262,-0.365854,0.000000,3.048780,0
-0.670605,5.230723,7.625742,0.975610,1.585366,2.439024,0
-0.708926,5.336104,7.644903,0.487805,-1.951220,-2.804878,0
-0.718506,5.355264,7.577842,-0.975610,2.560976,2.439024,0
-0.737666,5.393584,7.462881,2.317073,3.048780,-4.756098,0
-0.718506,5.230723,7.558682,4.146341,-3.414634,-3.780488,0
-0.718506,5.326524,7.568262,0.487805,9.756098,3.170732,0
-0.708926,5.288203,7.606582,5.243903,-1.219512,-2.560976,0
-0.699346,5.307364,7.520361,2.317073,2.439024,-1.585366,0
-0.680186,5.374424,7.453301,3.902439,2.560976,-3.414634,0
-0.689766,5.288203,7.501202,-0.365854,0.975610,3.658537,0
-0.747246,5.278623,7.577842,0.243902,0.365854,0.121951,0
-0.766406,5.288203,7.529942,-3.536585,-1.097561,6.463415,0
-0.747246,5.259463,7.510782,1.707317,-1.463415,3.902439,0
-0.689766,5.297783,7.482041,1.585366,-3.048780,-2.926829,0
-0.728086,5.288203,7.529942,0.487805,3.048780,-3.902439,0
-0.728086,5.316944,7.558682,-0.975610,-2.560976,3.170732,0
-0.747246,5.278623,7.462881,-0.243902,-6.585366,1.097561,0
-0.718506,5.259463,7.482041,-0.609756,0.121951,0.121951,0
-0.708926,5.269043,7.606582,-1.219512,2.560976,1.829268,0
-0.670605,5.240303,7.501202,3.658537,7.195122,-5.000000,0
-0.708926,5.307364,7.520361,7.439024,2.073171,-2.926829,0
-0.728086,5.345684,7.616162,-1.219512,3.048780,1.829268,0
-0.756826,5.326524,7.587422,-3.292683,4.024390,5.487805,0
-0.785566,5.316944,7.616162,4.390244,0.975610,1.829268,0
-0.689766,5.297783,7.510782,1.219512,-3.658537,-4.756098,0
-0.680186,5.384004,7.616162,-2.195122,-0.731707,-0.975610,0
-0.680186,5.297783,7.587422,4.146341,6.951220,-3.048780,0
-0.728086,5.230723,7.539522,2.195122,5.853659,6.097561,0
-0.728086,5.297783,7.558682,-3.292683,2.073171,-0.243902,0
-0.737666,5.259463,7.577842,-0.975610,5.000000,1.585366,0
-0.708926,5.316944,7.568262,-5.853659,0.000000,2.317073,0
-0.718506,5.221143,7.558682,-0.975610,3.536585,0.609756,0
-0.632285,5.211563,7.606582,4.878049,0.609756,4.390244,0
-0.737666,5.249883,7.616162,-0.487805,-2.926829,5.243903,0
-0.718506,5.326524,7.635323,-0.121951,5.000000,-5.853659,0
-0.747246,5.278623,7.491621,-2.804878,-1.951220,5.609756,0
-0.670605,5.326524,7.654483,2.317073,1.097561,-0.609756,0
-0.680186,5.230723,7.558682,0.487805,-3.658537,5.243903,0
-0.747246,5.240303,7.606582,0.243902,0.487805,-2.804878,0
-0.708926,5.345684,7.529942,4.024390,1.585366,0.487805,0
-0.622705,5.259463,7.711963,6.707317,-1.585366,-2.560976,0
-0.708926,5.307364,7.549102,3.902439,1.463415,5.731708,0
-0.689766,5.259463,7.529942,4.878049,-5.365854,2.926829,0
-0.699346,5.259463,7.539522,0.243902,1.341463,3.048780,0
-0.661025,5.316944,7.529942,-1.097561,0.609756,-2.926829,0
-0.718506,5.259463,7.587422,-1.219512,3.780488,-6.951220,0
-0.718506,5.307364,7.558682,4.878049,5.853659,-0.609756,0
-0.689766,5.307364,7.568262,5.243903,2.439024,0.609756,0
-0.670605,5.259463,7.568262,-5.243903,-6.829268,5.000000,0
-0.680186,5.316944,7.635323,2.682927,0.609756,-0.365854,0
-0.603545,5.240303,7.558682,-5.121951,2.073171,1.829268,0
-0.747246,5.278623,7.577842,-3.414634,1.219512,2.682927,0
-0.699346,5.297783,7.597003,-0.121951,5.487805,2.804878,0
-0.680186,5.192402,7.577842,-2.439024,2.439024,-1.341463,0
-0.699346,5.249883,7.529942,2.804878,-3.536585,6.829268,0
-0.747246,5.221143,7.644903,-1.829268,-2.926829,-0.975610,0
-0.689766,5.269043,7.587422,-0.243902,0.731707,1.585366,0
-0.661025,5.259463,7.616162,2.804878,4.634147,0.121951,0
-0.756826,5.345684,7.597003,3.536585,4.634147,-5.853659,0
-0.718506,5.364844,7.482041,5.609756,2.317073,0.365854,0
-0.728086,5.326524,7.673643,-0.121951,-3.902439,-0.731707,0
-0.728086,5.230723,7.577842,5.243903,2.804878,-0.975610,0
-0.747246,5.316944,7.616162,-1.219512,-0.609756,1.219512,0
-0.718506,5.355264,7.597003,-4.024390,0.243902,-1.951220,0
-0.737666,5.336104,7.577842,3.170732,-3.902439,-5.609756,0
-0.603545,5.278623,7.549102,1.585366,-4.634147,9.878049,0
-0.699346,5.297783,7.644903,5.609756,2.317073,5.975610,0
-0.804727,5.307364,7.577842,1.341463,-2.804878,-0.609756,0
-0.747246,5.230723,7.549102,1.951220,0.121951,-2.926829,0
-0.699346,5.288203,7.549102,0.365854,0.609756,-5.365854,0
-0.680186,5.326524,7.644903,5.243903,4.512195,-3.292683,0
-0.651445,5.269043,7.606582,-4.512195,2.682927,-3.658537,0
-0.708926,5.355264,7.558682,-2.073171,5.487805,2.073171,0
-0.728086,5.316944,7.520361,2.439024,3.536585,2.560976,0
-0.680186,5.278623,7.491621,8.536586,3.536585,-1.097561,0
-0.641865,5.345684,7.549102,-0.365854,0.609756,5.853659,0
-0.718506,5.278623,7.549102,-1.707317,-2.926829,5.121951,0
-0.670605,5.201982,7.606582,5.487805,5.121951,0.365854,0
-0.728086,5.288203,7.501202,0.121951,1.707317,1.829268,0
-0.651445,5.230723,7.501202,-3.658537,1.585366,3.292683,0
-0.728086,5.374424,7.616162,2.195122,5.000000,3.170732,0
-0.699346,5.249883,7.501202,0.000000,-3.658537,5.609756,0
-0.680186,5.249883,7.549102,-0.731707,3.048780,2.195122,0
-0.641865,5.326524,7.597003,0.853659,-0.853659,5.487805,0
-0.661025,5.307364,7.510782,8.048780,2.073171,-0.487805,0
-0.632285,5.240303,7.558682,1.219512,-1.341463,2.560976,0
-0.661025,5.288203,7.529942,-2.073171,-1.341463,-8.780488,0
-0.632285,5.297783,7.539522,4.512195,1.097561,-0.365854,0
-0.756826,5.364844,7.529942,-5.487805,-0.609756,-5.731708,0
-0.728086,5.307364,7.539522,-0.731707,4.634147,-0.975610,0
-0.670605,5.230723,7.549102,2.073171,-2.682927,-0.975610,0
-0.756826,5.345684,7.539522,3.048780,3.536585,-2.926829,0
-0.661025,5.393584,7.549102,2.317073,1.951220,-2.195122,0
-0.670605,5.316944,7.482041,-7.317073,2.073171,5.609756,0
-0.718506,5.201982,7.597003,0.975610,0.000000,4.878049,0
-0.680186,5.326524,7.529942,1.829268,-0.853659,1.463415,0
-0.661025,5.288203,7.510782,-1.097561,-1.341463,1.463415,0
-0.699346,5.249883,7.443721,0.609756,-3.414634,2.317073,0
-0.718506,5.307364,7.443721,-1.341463,-3.658537,1.829268,0
-0.680186,5.278623,7.558682,4.512195,0.731707,3.170732,0
-0.708926,5.211563,7.577842,2.804878,-3.902439,-2.926829,0
-0.728086,5.259463,7.654483,-5.487805,-0.853659,-0.975610,0
-0.622705,5.384004,7.606582,1.951220,6.463415,-3.048780,0
-0.728086,5.269043,7.472461,2.195122,4.024390,-0.975610,0
-0.641865,5.192402,7.510782,1.463415,-3.902439,-6.219512,0
-0.680186,5.307364,7.577842,-0.731707,-0.121951,-3.048780,0
-0.680186,5.259463,7.539522,4.512195,4.756098,-5.365854,0
-0.670605,5.259463,7.635323,-4.390244,-0.487805,1.463415,0
-0.718506,5.278623,7.501202,-0.121951,-0.609756,1.097561,0
-0.661025,5.259463,7.568262,-8.048780,-5.731708,-1.219512,0
-0.670605,5.297783,7.529942,-2.682927,-4.390244,-3.292683,0
-0.756826,5.249883,7.539522,0.853659,-1.219512,5.000000,0
-0.728086,5.269043,7.510782,-2.195122,-4.268293,3.780488,0
-0.632285,5.297783,7.520361,-0.243902,3.658537,2.439024,0
-0.737666,5.259463,7.568262,4.390244,3.658537,4.878049,0
-0.670605,5.259463,7.558682,-3.780488,4.024390,-2.317073,0
-0.689766,5.326524,7.597003,-4.390244,-3.048780,1.829268,0
-0.728086,5.297783,7.597003,-4.878049,0.243902,1.097561,0
-0.737666,5.297783,7.558682,-5.121951,0.731707,3.048780,0
-0.680186,5.288203,7.597003,-1.829268,1.585366,0.000000,0
-0.737666,5.269043,7.529942,2.195122,0.975610,-3.292683,0
-0.756826,5.259463,7.491621,-5.121951,3.902439,1.463415,0
-0.747246,5.393584,7.597003,-2.195122,-0.853659,5.487805,0
-0.670605,5.259463,7.635323,-3.414634,0.853659,7.926829,0
-0.661025,5.297783,7.482041,-1.341463,-3.902439,-2.682927,0
-0.756826,5.221143,7.597003,-0.609756,4.268293,5.243903,0
-0.689766,5.326524,7.625742,-0.731707,-0.121951,5.487805,0
-0.670605,5.278623,7.587422,-2.926829,2.073171,0.853659,0
-0.670605,5.259463,7.482041,-1.951220,-3.170732,3.170732,0
-0.699346,5.326524,7.491621,-1.951220,0.365854,8.048780,0
-0.756826,5.403164,7.520361,5.243903,9.024390,-4.634147,0
-0.747246,5.288203,7.654483,2.317073,4.756098,-6.829268,0
-0.737666,5.297783,7.501202,1.585366,5.365854,-6.585366,0
-0.718506,5.249883,7.587422,-1.097561,0.853659,2.317073,0
-0.680186,5.355264,7.539522,-8.170732,3.048780,3.048780,0
-0.718506,5.259463,7.482041,0.000000,-3.658537,-1.219512,0
-0.680186,5.278623,7.606582,-6.951220,2.560976,-0.487805,0
-0.622705,5.211563,7.520361,-1.951220,-1.707317,-2.317073,0
-0.661025,5.326524,7.529942,-2.682927,-2.439024,0.853659,0
-0.728086,5.288203,7.529942,0.121951,-1.707317,-6.097561,0
-0.689766,5.336104,7.520361,-4.268293,4.268293,4.512195,0
-0.747246,5.326524,7.597003,-1.829268,-0.731707,2.682927,0
-0.699346,5.288203,7.577842,4.878049,-5.853659,0.000000,0
-0.785566,5.316944,7.529942,1.585366,1.585366,-5.609756,0
-0.670605,5.316944,7.491621,-0.365854,-2.682927,-1.341463,0
-0.689766,5.278623,7.520361,-3.658537,7.926829,4.268293,0
-0.699346,5.269043,7.558682,0.000000,5.487805,-0.243902,0
-0.728086,5.336104,7.568262,-6.707317,-5.000000,9.878049,0
-0.689766,5.316944,7.491621,5.731708,1.097561,-8.658537,0
-0.718506,5.240303,7.558682,-4.512195,0.365854,6.097561,0
-0.651445,5.297783,7.577842,-1.951220,-5.243903,-3.048780,0
-0.699346,5.297783,7.597003,1.219512,0.243902,-1.219512,0
-0.670605,5.297783,7.616162,-3.414634,7.926829,-0.365854,0
-0.718506,5.326524,7.558682,2.317073,-2.682927,6.951220,0
-0.718506,5.288203,7.520361,-2.560976,2.317073,2.195122,0
-0.699346,5.288203,7.587422,-0.731707,-3.658537,-2.195122,0
-0.680186,5.173243,7.549102,-1.097561,-0.243902,-1.707317,0
-0.670605,5.297783,7.539522,2.317073,-7.682927,-2.682927,0
-0.737666,5.259463,7.539522,-0.243902,3.536585,2.073171,0
-0.661025,5.393584,7.625742,1.219512,2.317073,0.365854,0
-0.728086,5.316944,7.616162,1.585366,2.195122,-4.268293,0
-0.728086,5.221143,7.549102,1.707317,-1.707317,0.243902,0
-0.747246,5.326524,7.587422,0.853659,-0.609756,2.804878,0
-0.661025,5.288203,7.529942,2.439024,0.365854,-6.585366,0
-0.670605,5.211563,7.587422,-9.268293,-5.365854,4.878049,0
-0.670605,5.249883,7.587422,7.073171,2.560976,-2.195122,0
-0.680186,5.316944,7.510782,-7.439024,-3.048780,5.609756,0
-0.689766,5.249883,7.510782,2.439024,0.243902,-3.536585,0
-0.651445,5.297783,7.587422,2.195122,1.097561,-2.804878,0
-0.699346,5.240303,7.510782,-3.414634,-0.853659,-10.000000,0
-0.699346,5.316944,7.539522,-1.829268,-2.926829,4.512195,0
-0.651445,5.269043,7.472461,-0.853659,1.585366,0.731707,0
-0.708926,5.269043,7.529942,-0.975610,3.780488,-1.341463,0
-0.680186,5.163662,7.597003,-5.121951,0.487805,4.756098,0
-0.670605,5.307364,7.462881,1.951220,5.000000,-4.878049,0
-0.680186,5.259463,7.539522,-0.731707,2.926829,5.243903,0
-0.718506,5.278623,7.558682,0.853659,2.195122,1.097561,0
-0.680186,5.307364,7.472461,7.439024,-0.487805,-2.073171,0
-0.670605,5.316944,7.625742,-3.414634,3.780488,3.536585,0
-0.708926,5.326524,7.529942,0.609756,0.609756,0.365854,0
-0.718506,5.230723,7.577842,-2.926829,0.609756,-1.219512,0
-0.708926,5.345684,7.568262,-3.414634,-2.926829,2.195122,0
-0.718506,5.307364,7.616162,9.268293,1.951220,2.560976,0
-0.689766,5.307364,7.472461,0.487805,0.853659,6.951220,0
-0.737666,5.336104,7.568262,-0.609756,-2.317073,-2.195122,0
-0.708926,5.297783,7.539522,0.487805,5.975610,-7.560976,0
-0.718506,5.307364,7.587422,4.878049,-1.707317,5.609756,0
-0.699346,5.307364,7.616162,2.682927,2.073171,5.243903,0
-0.718506,5.297783,7.510782,-1.097561,-1.341463,-1.829268,0
-0.680186,5.307364,7.539522,3.048780,0.000000,1.829268,0
-0.718506,5.221143,7.606582,-1.463415,-5.853659,9.390244,0
-0.699346,5.269043,7.501202,1.951220,3.292683,-3.170732,0
-0.699346,5.288203,7.539522,0.365854,2.073171,-6.219512,0
-0.747246,5.269043,7.539522,2.926829,-0.365854,-1.951220,0
-0.747246,5.297783,7.597003,-5.853659,-3.536585,-3.170732,0
-0.689766,5.316944,7.625742,5.487805,-1.341463,-0.853659,0
-0.689766,5.326524,7.568262,-6.463415,1.097561,2.195122,0
-0.718506,5.211563,7.616162,0.853659,3.902439,-3.048780,0
-0.661025,5.259463,7.501202,4.390244,0.000000,2.682927,0
-0.689766,5.230723,7.625742,5.243903,-2.926829,-1.097561,0
-0.708926,5.316944,7.539522,-0.731707,3.292683,0.243902,0
-0.661025,5.240303,7.606582,0.853659,0.000000,0.121951,0
-0.718506,5.249883,7.510782,-1.341463,-5.243903,2.195122,0
-0.728086,5.269043,7.529942,1.463415,-2.317073,-1.341463,0
-0.689766,5.326524,7.510782,-1.463415,0.000000,6.707317,0
-0.718506,5.297783,7.549102,-2.560976,2.804878,0.853659,0
-0.622705,5.221143,7.520361,-2.560976,5.365854,5.487805,0
-0.680186,5.307364,7.616162,-2.926829,0.000000,-4.024390,0
-0.689766,5.278623,7.587422,-2.804878,-3.536585,4.634147,0
-0.661025,5.316944,7.577842,-4.756098,-5.365854,11.341464,0
-0.728086,5.259463,7.568262,-4.512195,-9.146341,1.097561,0
-0.718506,5.355264,7.673643,0.853659,2.560976,3.902439,0
-0.689766,5.316944,7.577842,-3.902439,-0.243902,2.195122,0
-0.651445,5.288203,7.501202,-1.097561,1.829268,-0.853659,0
-0.747246,5.326524,7.558682,-2.560976,-0.243902,-5.000000,0
-0.737666,5.249883,7.510782,-2.073171,0.975610,-1.097561,0
-0.651445,5.326524,7.510782,-0.609756,4.146341,1.951220,0
-0.641865,5.221143,7.549102,1.219512,-3.292683,3.048780,0
-0.689766,5.393584,7.558682,-2.439024,2.073171,1.463415,0
-0.737666,5.316944,7.577842,0.000000,5.609756,2.682927,0
-0.651445,5.240303,7.549102,2.073171,-3.902439,8.292683,0
-0.651445,5.269043,7.501202,-0.121951,-4.512195,3.048780,0
-0.641865,5.259463,7.491621,-1.463415,0.609756,0.975610,0
-0.670605,5.307364,7.568262,-4.024390,-0.487805,-0.731707,0
-0.708926,5.259463,7.529942,0.000000,-4.756098,5.609756,0
-0.699346,5.288203,7.434141,-2.560976,5.731708,9.878049,0
-0.641865,5.364844,7.664063,5.975610,0.121951,0.000000,0
-0.670605,5.288203,7.539522,1.219512,-0.853659,-1.707317,0
-0.680186,5.240303,7.625742,-2.439024,2.439024,0.365854,0
-0.708926,5.221143,7.510782,1.097561,-0.487805,-4.878049,0
-0.708926,5.307364,7.501202,0.853659,7.560976,3.414634,0
-0.699346,5.297783,7.587422,-2.560976,-0.731707,4.146341,0
-0.775986,5.288203,7.587422,0.975610,2.804878,-2.195122,0
-0.708926,5.230723,7.616162,-2.195122,0.609756,8.048780,0
-0.670605,5.326524,7.539522,-0.487805,-6.951220,-1.463415,0
-0.718506,5.307364,7.539522,-2.926829,-1.219512,1.951220,0
-0.651445,5.221143,7.539522,-3.902439,-0.487805,-1.219512,0
-0.708926,5.278623,7.501202,0.487805,-4.390244,-7.439024,0
-0.718506,5.297783,7.606582,-5.000000,-2.560976,-1.585366,0
-0.670605,5.240303,7.664063,2.195122,-5.853659,-6.219512,0
-0.699346,5.336104,7.587422,3.048780,2.439024,-6.219512,0
-0.699346,5.316944,7.558682,-1.097561,-3.902439,4.878049,0
-0.728086,5.269043,7.520361,-0.243902,0.000000,-1.219512,0
-0.728086,5.326524,7.558682,-2.682927,-1.951220,13.780488,0
-0.747246,5.278623,7.520361,0.365854,-0.975610,4.756098,0
-0.661025,5.249883,7.644903,0.731707,-1.585366,1.097561,0
-0.670605,5.211563,7.558682,2.926829,-0.609756,-3.170732,0
-0.680186,5.249883,7.549102,-2.926829,-2.195122,0.731707,0
-0.661025,5.345684,7.472461,2.560976,0.853659,-3.292683,0
-0.680186,5.269043,7.644903,-5.853659,-2.560976,-0.853659,0
-0.747246,5.249883,7.549102,-0.853659,-5.000000,-3.536585,0
-0.766406,5.355264,7.587422,-6.829268,-5.853659,7.926829,0
-0.670605,5.240303,7.587422,0.121951,-3.536585,5.731708,0
-0.756826,5.230723,7.472461,-0.121951,2.195122,7.195122,0
-0.747246,5.259463,7.491621,4.146341,-1.463415,-5.243903,0
-0.651445,5.259463,7.606582,-2.926829,-0.487805,4.512195,0
-0.670605,5.288203,7.549102,-4.878049,3.658537,-1.341463,0
-0.661025,5.326524,7.577842,3.658537,-3.170732,2.682927,0
-0.651445,5.297783,7.520361,-4.756098,2.926829,8.170732,0
-0.766406,5.249883,7.597003,-0.365854,-1.707317,-3.292683,0
-0.728086,5.307364,7.501202,2.804878,0.000000,-4.634147,0
-0.737666,5.393584,7.568262,3.414634,3.048780,-2.682927,0
-0.699346,5.336104,7.510782,10.000000,1.097561,-4.634147,0
-0.680186,5.259463,7.597003,2.926829,4.390244,-0.731707,0
-0.689766,5.316944,7.510782,0.243902,3.292683,-2.073171,0
-0.708926,5.269043,7.482041,1.219512,-5.975610,3.414634,0
-0.689766,5.288203,7.558682,-2.560976,-3.048780,-4.634147,0
-0.718506,5.278623,7.539522,-0.365854,-3.414634,5.121951,0
-0.641865,5.326524,7.616162,-9.512196,4.024390,3.658537,0
-0.699346,5.297783,7.664063,-3.048780,-0.243902,-2.439024,0
-0.670605,5.230723,7.625742,2.682927,1.829268,-3.292683,0
-0.699346,5.297783,7.529942,2.804878,-0.121951,-3.292683,0
-0.680186,5.336104,7.625742,-4.268293,0.487805,2.317073,0
-0.775986,5.297783,7.577842,-1.585366,-1.951220,4.390244,0
-0.699346,5.355264,7.625742,1.951220,5.365854,6.097561,0
-0.670605,5.269043,7.462881,-1.097561,-1.707317,-5.853659,0
-0.747246,5.288203,7.597003,-6.585366,0.000000,4.634147,0
-0.670605,5.269043,7.635323,0.121951,4.024390,6.097561,0
-0.737666,5.288203,7.587422,2.439024,-2.682927,-3.170732,0
-0.661025,5.288203,7.597003,-1.097561,-7.926829,1.463415,0
-0.718506,5.307364,7.558682,-0.487805,-7.926829,-0.853659,0
-0.747246,5.249883,7.606582,-2.317073,0.609756,2.926829,0
-0.718506,5.259463,7.692803,-1.219512,3.048780,4.512195,0
-0.747246,5.336104,7.520361,-0.731707,-0.487805,-2.682927,0
-0.689766,5.288203,7.558682,2.073171,0.853659,-2.682927,0
-0.613125,5.326524,7.558682,1.463415,1.829268,0.975610,0
-0.737666,5.230723,7.664063,0.975610,-1.219512,6.097561,0
-0.632285,5.259463,7.616162,-3.170732,4.024390,-1.951220,0
-0.699346,5.259463,7.529942,-8.048780,1.829268,0.121951,0
-0.689766,5.307364,7.529942,-1.097561,-0.365854,5.975610,0
-0.737666,5.355264,7.453301,4.146341,5.731708,4.146341,0
-0.756826,5.259463,7.539522,4.634147,-6.219512,1.829268,0
-0.680186,5.316944,7.558682,-3.536585,2.682927,2.195122,0
-0.718506,5.336104,7.491621,3.780488,-0.487805,2.804878,0
-0.641865,5.240303,7.673643,6.341464,3.902439,-4.634147,0
-0.747246,5.221143,7.529942,-1.341463,5.243903,-2.804878,0
-0.718506,5.316944,7.549102,-8.048780,-0.243902,4.146341,0
-0.680186,5.297783,7.510782,1.585366,4.024390,-2.317073,0
-0.661025,5.269043,7.482041,-2.195122,1.463415,-1.829268,0
-0.708926,5.316944,7.539522,-3.658537,1.219512,2.073171,0
-0.689766,5.288203,7.635323,-2.195122,-4.512195,4.024390,0
-0.661025,5.230723,7.606582,-0.243902,3.414634,-3.414634,0
-0.708926,5.230723,7.597003,3.780488,-0.121951,0.853659,0
-0.708926,5.384004,7.520361,3.902439,-1.707317,0.487805,0
-0.728086,5.297783,7.568262,0.000000,2.926829,-2.439024,0
-0.785566,5.249883,7.549102,-3.292683,-1.829268,0.121951,0
-0.699346,5.307364,7.520361,7.317073,-0.121951,-6.463415,0
-0.718506,5.297783,7.549102,-1.463415,4.634147,4.146341,0
-0.622705,5.269043,7.587422,-0.853659,3.170732,1.829268,0
-0.775986,5.316944,7.510782,3.170732,1.219512,-4.146341,0
-0.718506,5.240303,7.616162,0.121951,6.829268,3.658537,0
-0.718506,5.269043,7.520361,-0.365854,-1.951220,9.512196,0
-0.641865,5.259463,7.549102,0.487805,-6.341464,1.097561,0
-0.747246,5.316944,7.510782,-3.170732,-0.243902,-3.780488,0
-0.718506,5.297783,7.597003,4.390244,3.048780,-4.390244,0
-0.670605,5.307364,7.510782,-0.365854,-1.097561,-0.121951,0
-0.613125,5.249883,7.635323,1.585366,1.951220,1.219512,0
-0.708926,5.307364,7.539522,-1.829268,-0.853659,2.560976,0
-0.661025,5.316944,7.510782,-8.292683,1.585366,0.243902,0
-0.689766,5.259463,7.587422,4.024390,0.731707,-3.292683,0
-0.747246,5.307364,7.529942,-0.731707,4.268293,-5.975610,0
-0.689766,5.345684,7.606582,-1.585366,-2.439024,-0.609756,0
-0.680186,5.269043,7.625742,6.219512,0.609756,-4.268293,0
-0.670605,5.278623,7.587422,3.658537,2.073171,3.780488,0
-0.661025,5.316944,7.577842,2.560976,6.951220,2.439024,0
-0.680186,5.278623,7.558682,-0.731707,-0.487805,-1.951220,0
-0.651445,5.249883,7.568262,1.097561,0.731707,1.951220,0
-0.737666,5.336104,7.549102,2.439024,-4.390244,0.000000,0
-0.708926,5.288203,7.616162,-6.585366,-2.439024,-0.975610,0
-0.737666,5.192402,7.577842,-2.439024,0.609756,-6.951220,0
-0.651445,5.336104,7.616162,-2.195122,4.024390,0.609756,0
-0.670605,5.221143,7.539522,-6.585366,-6.585366,0.731707,0
-0.728086,5.297783,7.568262,-4.756098,-3.536585,7.439024,0
-0.661025,5.278623,7.529942,0.487805,-1.463415,-5.000000,0
-0.728086,5.384004,7.501202,-6.219512,3.536585,1.341463,0
-0.728086,5.345684,7.520361,-5.365854,-2.439024,6.341464,0
-0.718506,5.221143,7.577842,3.048780,5.365854,2.560976,0
-0.766406,5.336104,7.568262,-3.536585,-6.097561,4.024390,0
-0.708926,5.269043,7.577842,-0.365854,1.097561,-6.707317,0
-0.699346,5.211563,7.597003,-1.219512,4.390244,-0.487805,0
-0.699346,5.278623,7.510782,-2.560976,1.951220,-0.609756,0
-0.708926,5.269043,7.597003,-0.609756,0.609756,3.170732,0
-0.651445,5.336104,7.577842,-0.365854,-0.365854,5.731708,0
-0.670605,5.278623,7.549102,-5.853659,-0.731707,-4.634147,0
-0.737666,5.278623,7.539522,-2.195122,4.756098,-3.170732,0
-0.785566,5.316944,7.577842,-1.585366,-5.365854,3.170732,0
-0.622705,5.230723,7.472461,-3.292683,0.853659,-1.219512,0
-0.680186,5.230723,7.644903,2.317073,-0.975610,-0.975610,0
-0.651445,5.336104,7.501202,5.853659,4.268293,-6.829268,0
-0.641865,5.269043,7.654483,-1.341463,-1.707317,0.000000,0
-0.718506,5.288203,7.482041,0.487805,-0.487805,1.707317,0
-0.728086,5.364844,7.529942,-1.097561,4.878049,1.219512,0
-0.661025,5.230723,7.549102,-0.365854,-4.390244,5.243903,0
-0.708926,5.307364,7.510782,2.560976,1.097561,-2.317073,0
-0.843047,5.738467,7.740704,-1.829268,0.975610,2.439024,0
-0.632285,5.882168,6.725215,-7.926829,-4.024390,-5.487805,0
-0.689766,6.294112,6.782696,1.585366,-2.926829,-14.146341,0
-0.574805,6.179151,7.347920,-2.317073,-9.390244,-5.243903,0
-0.431104,6.476133,7.510782,-0.365854,-6.219512,-17.682928,0
-0.574805,3.238066,9.330997,4.024390,-13.536586,-11.341464,0
-0.680186,4.943321,8.430470,-3.658537,-8.048780,-6.707317,0
-0.747246,3.966152,8.210127,1.219512,1.219512,-2.682927,0
-0.862207,4.809199,7.194639,5.121951,-1.219512,-6.219512,0
-0.756826,5.412745,7.625742,2.317073,-7.073171,1.097561,0
-0.718506,5.623506,7.309600,-5.853659,-4.268293,1.585366,0
-0.651445,5.077442,7.759863,-8.048780,-5.487805,2.195122,0
-0.689766,5.211563,7.740704,0.121951,8.170732,5.243903,0
-0.766406,6.342012,6.619834,1.219512,-2.560976,4.390244,0
-0.737666,5.690567,7.280859,-8.292683,-0.487805,-5.975610,0
-0.756826,4.617598,7.980206,-13.658537,-0.975610,-8.780488,0
-0.804727,5.067862,7.577842,-9.146341,-0.365854,-0.975610,0
-0.823887,5.000801,7.625742,2.682927,-0.975610,-2.560976,0
-0.833467,5.316944,7.683223,15.975610,-0.731707,-1.829268,0
-0.632285,5.556446,7.597003,12.317074,1.585366,-0.853659,0
-0.766406,5.518125,7.644903,9.146341,-4.024390,0.731707,0
-0.613125,5.700147,7.185059,2.317073,3.292683,-1.341463,0
-0.728086,5.029541,7.539522,0.487805,-6.829268,-6.463415,0
-0.766406,5.537285,6.955137,12.926829,0.365854,-5.609756,0
-0.459844,5.882168,7.117998,9.878049,-2.926829,1.219512,0
0.613125,6.361172,7.127578,-1.219512,-0.243902,-9.268293,0
-0.699346,4.828360,8.746612,-9.024390,-6.341464,-1.829268,0
-0.632285,4.483477,7.539522,-19.512196,-0.243902,-7.682927,0
-0.469424,2.395020,10.518927,-0.365854,1.585366,-8.414635,0
-0.134121,5.010381,9.685459,1.585366,-6.707317,-4.878049,0
0.000000,4.521797,8.468789,27.560976,-8.292683,-1.585366,0
-1.350791,5.546865,5.412745,2.682927,2.073171,0.000000,0
-0.785566,4.138594,7.865244,-0.365854,6.341464,-10.731708,0
-0.728086,5.451065,7.597003,13.048780,-7.317073,5.609756,0
-0.450264,6.198311,8.737032,60.121952,-5.121951,4.512195,0
0.258662,5.633086,8.095166,35.487804,2.682927,0.000000,0
0.191602,14.207256,1.848955,45.243904,-0.731707,-9.634147,0
0.737666,10.183623,2.241738,18.170732,-12.317074,-15.000000,0
0.507744,3.535049,11.045831,31.341465,-4.634147,-6.951220,0
0.325723,7.079678,9.762100,49.512196,9.146341,1.463415,0
-0.067061,7.999366,8.966953,25.975611,15.243903,-7.926829,0
0.076641,7.376660,8.171807,24.756098,16.341463,-7.317073,0
-0.105381,10.844649,3.946992,36.463417,22.682928,-12.317074,0
-0.019160,7.731123,4.033213,32.560978,12.926829,-17.804878,0
-0.316143,8.411309,4.014053,15.975610,4.024390,-27.682928,0
0.191602,8.344249,4.818779,22.926830,0.243902,-32.560978,0
-0.162861,6.188731,5.738467,6.097561,-4.756098,-39.024391,0
-0.795147,5.939649,5.815108,13.780488,-5.000000,-36.219513,0
0.249082,8.641231,4.694239,-2.439024,-14.390244,-38.048782,0
0.411943,8.966953,5.307364,-19.390244,-15.731708,-42.317074,0
-0.095801,5.441484,5.891748,-98.048782,-15.121952,-38.536587,0
-0.565225,6.734795,7.204219,-77.195122,-6.829268,-37.073174,0
0.191602,8.171807,9.436378,-25.853659,-6.829268,-44.878052,0
-0.584385,9.503438,5.297783,38.902439,4.634147,-48.902439,0
-0.680186,9.819580,4.703819,34.878048,1.951220,-58.414635,0
0.277822,10.997931,5.824688,20.365854,-15.365854,-75.487808,0
0.105381,10.710527,6.916817,-1.219512,-10.487805,-88.292686,0
-0.210762,10.174044,6.121670,-3.658537,-15.487805,-101.219513,0
-0.316143,9.158555,6.246211,-25.975611,-13.292684,-108.048782,0
-0.134121,8.468789,7.472461,-25.609756,-21.585367,-103.902443,0
0.000000,7.338340,8.507110,-26.341465,-15.365854,-118.292686,0
-0.900527,5.498965,7.386240,-45.365856,-16.341463,-121.585365,0
-0.756826,2.653682,6.916817,-35.243904,-16.219513,-120.609756,0
-0.565225,2.701582,5.288203,-11.707317,-14.146341,-111.463417,0
-1.743574,3.640430,3.295547,13.414635,-26.829269,-105.243904,0
-2.011817,3.084785,2.490820,59.756100,-31.585367,-105.000000,0
-1.542393,2.998564,2.883604,60.731709,-38.048782,-102.317078,0
-1.810635,3.190166,3.353028,41.463417,-56.951221,-95.000000,0
-2.165098,3.391348,3.832031,35.243904,-62.926830,-92.682930,0
-2.519561,2.145938,5.067862,44.024391,-71.829269,-81.097565,0
-3.142266,1.005908,6.274951,45.609756,-81.341469,-81.829269,0
-3.266807,0.728086,7.740704,34.878048,-82.804878,-71.341469,0
-2.893184,1.053809,8.449629,30.000000,-80.609756,-62.682930,0
-3.314707,1.896856,8.995694,4.146341,-78.048782,-58.048782,0
-3.400928,0.756826,10.672208,12.317074,-69.878052,-43.048782,0
-3.774551,1.791475,9.321417,13.414635,-55.000000,-38.658539,0
-4.023633,3.353028,10.950029,24.390244,-56.951221,-35.000000,0
-3.812871,4.071533,11.524835,26.341465,-50.243904,-36.707317,0
-3.764971,3.305127,11.630216,21.097561,-39.634148,-31.097561,0
-3.477569,2.030977,10.471025,15.975610,-26.463415,-28.780489,0
-4.157754,2.787803,9.838740,21.341463,-24.512196,-24.756098,0
-3.611690,3.697910,10.442286,7.317073,-15.243903,-22.195122,0
-3.812871,3.343447,9.886642,9.268293,-15.000000,-26.829269,0
-3.496729,2.318379,9.819580,7.804878,-9.390244,-19.634148,0
-3.420088,1.772315,9.398057,10.731708,-7.560976,-10.000000,0
-3.324287,2.404600,8.028106,5.853659,-6.463415,-1.219512,0
-3.276387,3.582949,6.993457,3.170732,-7.317073,9.146341,0
-3.132686,4.646338,7.003037,11.097561,-2.560976,-8.414635,0
-3.084785,5.125342,7.414981,1.097561,-10.731708,5.731708,0
-2.979404,5.221143,8.162227,-0.365854,-6.707317,2.560976,0
-2.854863,5.096602,8.459209,-6.585366,0.000000,1.097561,0
-2.864444,4.311035,8.190968,-15.121952,2.073171,-1.463415,0
-2.577041,4.713398,7.759863,-6.463415,5.000000,1.097561,0
-2.835703,5.518125,7.175479,6.341464,-4.390244,5.609756,0
-2.682422,5.700147,6.945557,-2.195122,1.707317,4.634147,0
-2.739902,5.326524,6.878496,-2.926829,-1.463415,0.365854,0
-2.816543,4.617598,7.424561,-2.317073,-5.365854,-5.487805,0
-2.826123,4.435576,7.673643,-1.585366,-3.048780,-2.439024,0
-2.797383,4.531377,7.472461,0.121951,-3.170732,0.243902,0
-2.864444,4.751719,7.472461,-0.365854,-6.829268,3.780488,0
-2.854863,4.905000,7.759863,-1.707317,-0.487805,-1.829268,0
-2.663262,5.000801,8.258028,3.170732,3.292683,3.048780,0
-2.739902,5.623506,7.750284,1.219512,7.073171,-2.439024,0
-2.883604,5.326524,6.868917,-0.609756,-3.170732,6.829268,0
-2.768643,5.355264,6.907237,-1.219512,2.073171,13.536586,0
-2.672842,5.633086,7.357500,-2.439024,-3.780488,0.487805,0
-2.787803,5.173243,7.779024,0.853659,2.439024,-5.365854,0
-2.768643,5.058281,8.037686,-3.048780,-1.707317,-4.390244,0
-2.816543,4.933741,8.143066,-3.414634,0.853659,0.853659,0
-2.692002,4.847520,8.123906,-4.268293,4.756098,2.804878,0
-2.739902,4.684659,7.501202,-6.585366,5.243903,-1.463415,0
-2.739902,4.550537,7.117998,4.512195,4.146341,-4.024390,0
-2.739902,4.598438,7.213799,0.853659,4.268293,2.560976,0
-2.854863,4.684659,7.482041,0.487805,2.073171,4.146341,0
-2.692002,4.837940,7.597003,2.560976,4.512195,3.780488,0
-2.739902,4.933741,7.683223,-4.390244,-3.048780,8.414635,0
-2.711162,5.029541,7.491621,-0.121951,3.048780,-0.365854,0
-2.586621,5.029541,7.290440,1.097561,-0.487805,1.463415,0
-2.653682,5.000801,6.821016,5.365854,4.024390,4.878049,0
-2.730322,5.182823,6.667735,9.512196,-8.536586,-2.682927,0
-2.711162,5.058281,7.165899,4.634147,-7.682927,8.658537,0
-2.577041,5.010381,7.826924,0.243902,0.609756,3.048780,0
-2.624942,5.134922,8.162227,4.390244,0.121951,0.731707,0
-2.644102,5.403164,8.181387,3.414634,6.463415,-2.682927,0
-2.624942,5.096602,7.549102,0.243902,5.975610,-0.853659,0
-2.682422,5.010381,7.041358,-3.902439,0.609756,3.780488,0
-2.634521,4.857100,6.935977,-8.414635,-4.146341,0.000000,0
-2.682422,4.301455,6.897656,-0.487805,-1.707317,-4.634147,0
-2.720742,4.358936,7.156319,-0.853659,-0.975610,5.243903,0
-2.557881,4.301455,7.587422,-5.975610,-2.073171,2.560976,0
-2.692002,4.780459,7.874825,-5.609756,-1.463415,7.195122,0
-2.529141,5.019961,7.826924,-5.487805,1.097561,7.682927,0
-2.663262,5.326524,7.970625,-24.268293,-8.048780,5.000000,0
-2.471660,5.767207,8.689131,-29.512196,6.585366,3.292683,0
-2.615361,5.958809,9.963282,-25.487806,5.365854,-5.853659,0
-2.931504,6.016289,11.122471,-34.634148,8.658537,-4.024390,0
-3.094365,5.748047,10.777588,-33.780487,11.951220,-5.609756,0
-3.410508,5.412745,10.940450,-36.707317,16.585365,-3.536585,0
-3.573369,4.598438,10.490186,-45.243904,16.585365,-3.902439,0
-3.726650,4.004473,11.687696,-48.414635,17.317074,-4.390244,0
-3.908672,4.416416,12.961846,-46.219513,18.292683,10.365854,0
-4.263135,5.709727,13.345050,-16.463415,30.365854,15.243903,0
-4.100274,6.581514,13.776153,-8.170732,27.073172,8.170732,1
-4.167334,7.165899,13.421690,-4.878049,40.000000,10.365854,0
-3.851192,8.708291,14.408438,4.390244,57.073174,7.195122,0
-3.841611,8.698711,12.846886,13.780488,64.024391,-2.804878,0
-3.611690,7.012618,11.754756,17.439024,70.853661,-13.170732,0
-3.535049,5.997129,11.352393,37.804878,80.853661,-13.292684,0
-3.199746,5.278623,11.314073,39.390244,74.634148,-20.000000,0
-3.343447,4.627178,9.570498,52.073174,82.560974,-15.000000,0
-3.209326,4.368516,7.683223,62.439026,87.682930,-20.609756,0
-3.046465,5.019961,7.338340,69.024391,83.414635,-21.829269,0
-2.998564,5.087022,6.150411,64.756096,83.658539,-22.073172,0
-3.353028,4.282295,5.594766,55.487804,82.439026,-30.975611,0
-3.333867,3.602109,4.665498,68.048782,78.780487,-30.975611,0
-3.429668,2.768643,4.502637,66.097565,75.731712,-30.975611,0
-3.324287,2.289639,4.742139,61.097561,74.268295,-31.097561,0
-3.209326,2.826123,3.784131,71.829269,85.000000,-30.243904,0
-3.113526,4.521797,2.682422,77.073174,72.682930,-26.219513,0
-3.266807,4.512217,1.561553,60.731709,70.853661,-36.341465,0
-3.630850,3.908672,-0.038320,40.975609,64.024391,-39.390244,0
-3.276387,3.161426,0.210762,38.780487,59.024391,-44.634148,0
-3.544629,1.801055,-0.967588,28.292683,50.731709,-35.487804,0
-3.678750,1.638193,-1.801055,22.560976,47.317074,-36.463417,0
-3.745811,1.571133,-2.720742,3.414634,41.341465,-36.463417,0
-3.774551,1.350791,-4.272715,-0.243902,32.073170,-32.682926,0
-4.320615,1.226250,-6.265371,-6.951220,17.560976,-32.317074,0
-4.770879,-0.229922,-5.786367,-15.121952,-2.560976,-31.829269,0
-4.828360,-1.484912,-4.722979,-18.292683,-27.560976,-22.560976,0
-4.943321,-2.912344,-2.797383,-20.121952,-34.024391,-11.829268,0
-4.790039,-2.672842,-1.992656,-20.243902,-43.170734,0.975610,0
-4.502637,-1.580713,-1.264570,-36.219513,-49.634148,20.487804,0
-4.224814,-0.172441,-1.283731,-32.560978,-69.634148,35.243904,0
-3.879932,0.622705,-1.532813,-29.146341,-81.829269,31.219513,0
-3.563789,2.433340,-0.958008,-28.536587,-91.341469,47.682926,0
-3.027305,2.768643,1.015488,-39.756100,-95.975609,34.024391,0
-2.931504,2.021397,2.778223,-33.780487,-110.365860,38.170734,0
-2.864444,1.302891,3.343447,-24.024391,-110.853661,41.951221,0
-2.308799,1.944756,4.598438,-19.878050,-117.682930,53.170734,0
-1.379531,3.621270,5.872588,-21.463415,-124.512199,57.560978,0
-1.858535,6.179151,7.117998,-47.439026,-121.829269,60.000000,0
-2.260899,4.435576,7.338340,-34.878048,-130.731705,57.439026,0
-1.571133,3.161426,8.765772,-40.609756,-123.048782,54.512196,0
-1.235830,0.718506,9.714200,-65.731712,-126.829269,62.439026,0
-1.676514,0.028740,12.444522,-59.390244,-130.121948,78.048782,0
-1.216670,0.852627,15.059883,-26.097561,-115.487808,91.951225,0
-0.335303,0.143701,15.682589,-35.365856,-115.731712,103.536591,0
0.910107,2.117197,17.914747,-42.317074,-108.414635,115.731712,0
0.996328,5.863008,19.610420,-30.000000,-97.439026,134.146347,0
0.440684,13.651612,19.610420,-23.292683,-70.487808,130.609756,1
0.009580,15.692168,19.610420,-6.585366,-39.024391,107.926834,0
-0.249082,15.088624,19.610420,-18.048780,-4.390244,90.731712,0
-0.747246,11.984678,19.610420,-55.243904,18.780489,69.390244,0
-0.641865,9.513018,19.610420,-71.707321,38.292683,65.000000,0
-0.153281,7.692803,18.000967,-50.975613,51.707317,64.024391,0
-0.469424,6.418653,16.822618,-32.439026,59.756100,58.048782,0
-0.182021,5.470225,15.596368,-20.609756,84.878052,60.975613,0
0.047900,5.431904,13.843213,7.804878,95.609756,60.000000,0
0.220342,7.328760,12.042159,33.292683,100.121956,56.829269,0
0.316143,7.702383,9.675879,30.365854,104.146347,47.926830,0
-0.095801,8.871153,7.539522,45.365856,105.975609,33.292683,0
-0.220342,11.429033,5.613926,71.707321,113.780487,15.975610,0
-0.440684,11.026670,3.889512,61.097561,104.024391,-4.878049,1
-0.450264,9.139395,3.094365,65.000000,99.756104,-23.414635,0
-0.766406,6.734795,2.921924,48.658539,86.951225,-38.292683,0
-1.072969,4.665498,2.960244,46.463417,84.146347,-42.804878,0
-1.302891,3.688330,2.366279,61.463417,76.707321,-43.536587,0
-1.580713,2.212998,1.887275,55.243904,63.414635,-50.121952,0
-1.609453,2.107617,2.040557,48.902439,65.487808,-45.243904,0
-1.973496,2.030977,1.695674,34.024391,57.073174,-45.853661,0
-2.126777,2.663262,0.689766,39.756100,55.000000,-36.585365,0
-2.232158,4.071533,0.057480,43.292683,43.292683,-31.097561,0
-2.395020,4.952900,-0.871787,65.121956,41.585365,-43.536587,0
-2.586621,5.546865,-2.318379,65.853661,29.024391,-43.780487,0
-2.749483,4.636758,-3.161426,17.804878,13.658537,-59.268295,0
-2.778223,1.542393,-3.736231,-26.829269,-4.878049,-61.463417,0
-2.682422,-1.446592,-3.324287,-39.146343,-31.097561,-57.317074,0
-2.864444,-1.437012,-1.753154,-26.341465,-45.487804,-30.487806,0
-3.017725,-0.785566,-0.603545,-27.195122,-57.439026,-14.512196,0
-2.969824,0.220342,0.459844,-24.756098,-70.121956,-9.024390,0
-2.912344,1.532813,1.695674,-45.609756,-83.292686,7.317073,0
-2.759063,1.848955,3.333867,-51.463417,-88.414635,7.439024,0
-2.366279,2.327959,4.818779,-26.219513,-98.536591,5.121951,0
-1.753154,4.608018,7.261700,-16.219513,-101.219513,8.292683,0
-1.743574,4.320615,8.440049,-12.682927,-103.292686,11.341464,0
-1.561553,5.355264,8.258028,-4.390244,-101.341469,8.536586,0
-1.657354,5.393584,8.114326,-25.243902,-103.780487,8.536586,0
-0.919688,4.655918,10.940450,-37.195122,-97.804878,8.292683,0
-0.526904,4.770879,12.463682,-29.878050,-88.658539,0.000000,0
-0.565225,5.949229,11.649376,-13.902439,-91.097565,11.219513,0
-0.900527,7.644903,10.585987,-0.975610,-86.829269,3.414634,0
-0.641865,7.922725,11.457774,2.560976,-87.439026,-0.487805,0
-0.603545,7.731123,12.607384,5.121951,-77.317078,-6.463415,0
-0.249082,8.104747,13.306729,7.195122,-75.121956,-9.756098,0
-0.680186,8.104747,12.760665,20.365854,-62.926830,-11.829268,0
-0.661025,8.248447,13.153448,17.439024,-58.292683,-18.780489,0
-0.364043,7.443721,13.910275,22.195122,-51.829269,-30.731709,1
-0.670605,7.300020,13.603711,15.243903,-41.951221,-31.341465,0
-0.651445,7.117998,12.770245,31.585367,-33.414635,-38.414635,0
-0.804727,7.309600,11.333233,34.024391,-27.926830,-42.804878,0
-0.689766,6.504873,12.272080,28.902439,-32.439026,-43.170734,0
-0.804727,5.106182,12.492422,29.390245,-23.536587,-44.024391,0
-0.833467,5.125342,12.674444,40.731709,-12.926829,-45.243904,0
-0.747246,5.604346,12.636124,42.682926,-3.902439,-40.731709,0
-1.149609,6.294112,12.051739,40.000000,6.463415,-42.195122,0
-1.226250,5.585186,11.860137,40.121952,15.121952,-46.219513,0
-1.063389,4.636758,11.486514,34.268295,19.146341,-47.804878,0
-1.168770,4.263135,10.365645,35.243904,21.707317,-42.439026,0
-1.216670,4.090693,9.072334,42.926830,20.121952,-30.975611,0
-1.446592,4.454737,9.014853,44.024391,22.926830,-36.463417,0
-1.676514,5.173243,9.398057,52.073174,24.390244,-37.317074,0
-1.743574,5.546865,9.388477,49.756100,29.024391,-29.024391,0
-1.810635,4.847520,9.330997,40.487804,30.365854,-35.731709,0
-1.858535,3.889512,8.641231,41.097561,42.926830,-30.975611,0
-1.762734,3.324287,8.085587,38.658539,37.804878,-29.878050,0
-1.513652,3.774551,7.597003,34.024391,38.658539,-31.219513,0
-1.877695,4.981641,6.600674,39.268295,36.951221,-22.926830,0
-2.241738,5.863008,5.230723,40.365856,44.512196,-27.926830,0
-2.337539,5.374424,4.828360,36.951221,34.146343,-28.658537,0
-2.529141,4.473897,4.857100,30.487806,40.853661,-28.902439,0
-2.596201,3.180586,5.144502,18.292683,40.975609,-26.463415,0
-2.462080,2.663262,4.684659,18.536587,39.878048,-19.268293,0
-2.692002,3.525469,4.071533,17.804878,36.463417,-17.073172,0
-2.711162,3.870352,3.257227,10.365854,34.024391,-16.829269,0
-2.816543,4.205655,2.529141,5.365854,34.634148,-11.707317,0
-3.056045,4.627178,2.098037,1.707317,25.000000,-15.487805,0
-3.410508,4.722979,1.523232,4.146341,26.219513,-16.097561,0
-3.611690,4.157754,1.810635,3.536585,15.000000,-18.780489,0
-3.563789,2.184258,2.222578,2.073171,16.585365,-19.146341,0
-3.295547,1.226250,2.308799,-4.878049,11.585366,-2.804878,0
-3.228487,1.676514,1.590293,-17.073172,10.121951,6.585366,0
-3.487149,2.979404,0.814307,-26.219513,0.121951,9.146341,0
-3.621270,3.927832,0.316143,-36.341465,-9.878049,18.292683,0
-3.448828,3.764971,0.488584,-49.512196,-18.780489,16.341463,0
-3.448828,3.841611,0.843047,-46.341465,-29.878050,14.756098,0
-3.410508,3.180586,2.030977,-40.000000,-50.609756,23.048780,0
-3.056045,2.184258,4.588858,-33.658539,-49.756100,25.121952,0
-2.816543,1.705254,6.706055,-42.804878,-53.780491,33.414635,0
-2.605781,2.615361,8.478370,-43.902439,-51.097561,40.365856,0
-2.663262,4.061953,9.742940,-35.975609,-37.073174,46.219513,0
-2.289639,3.927832,10.087823,-58.292683,-36.585365,50.975613,0
-2.088457,5.489385,9.445957,-53.902439,-38.048782,53.780491,0
-2.308799,7.223379,8.813672,-54.756100,-27.317074,48.048782,0
-2.251318,7.616162,9.829161,-56.829269,-23.170732,34.512196,0
-1.992656,6.648574,10.538086,-58.170734,-29.512196,28.902439,0
-2.356699,5.489385,11.543995,-70.609756,-23.658537,30.121952,0
-2.251318,4.493057,13.412110,-72.560974,-15.609756,36.951221,0
-1.724414,2.835703,14.513819,-78.658539,-9.390244,38.170734,0
-1.753154,3.151846,14.475498,-81.585365,0.609756,52.560978,0
-1.551973,5.077442,15.165264,-86.829269,20.121952,47.317074,0
-2.098037,6.524034,14.235996,-99.390244,22.682928,52.926830,1
-1.848955,7.041358,15.002403,-91.707321,27.317074,41.585365,0
-1.657354,6.792276,14.647940,-80.487808,40.975609,33.414635,0
-1.475332,6.313272,13.019327,-70.975609,44.634148,36.097561,0
-1.733994,5.431904,11.543995,-60.000000,41.341465,34.756100,0
-1.580713,4.655918,12.473262,-63.902439,49.268295,32.317074,0
-1.235830,3.784131,14.992823,-63.292683,54.146343,35.121952,0
-1.235830,4.081113,14.801221,-33.658539,63.658539,41.951221,0
-1.638193,6.313272,13.939014,-17.317074,67.073174,31.829269,0
-2.270479,8.028106,13.900694,-2.804878,69.756096,27.439026,0
-2.059717,7.472461,13.795313,-3.658537,78.780487,21.585367,0
-1.839375,7.223379,13.498331,13.902439,90.487808,16.951220,0
-2.126777,7.970625,12.569063,29.024391,90.731712,10.243902,0
-2.107617,8.535850,11.630216,37.926830,96.951225,-6.463415,1
-2.327959,6.935977,10.403965,43.902439,100.853661,-28.048780,0
-2.203418,4.742139,9.771680,39.756100,105.121956,-24.146341,0
-2.347119,3.851192,8.794512,61.219513,108.292686,-27.682928,0
-2.404600,3.822451,8.784932,66.585365,108.536591,-31.707317,0
-2.193838,4.138594,8.315508,107.195122,117.682930,-38.536587,0
-2.356699,4.291875,6.504873,120.243904,118.048782,-33.902439,0
-2.452500,4.502637,5.700147,136.707321,119.024391,-40.853661,0
-2.854863,3.937412,4.627178,143.170731,111.585365,-47.439026,0
-2.979404,4.176914,3.573369,165.853668,106.341469,-54.024391,0
-3.391348,4.339776,2.184258,184.146347,109.268295,-63.414635,0
-3.535049,3.525469,1.475332,182.439026,98.780487,-78.292686,0
-3.994893,2.845283,1.580713,134.390244,89.024391,-74.390244,0
-3.851192,1.484912,2.136358,123.414635,78.292686,-75.609756,0
-3.966152,0.028740,0.143701,161.585373,85.853661,-77.073174,0
-4.847520,-0.498164,-2.002236,181.951218,74.024391,-62.317074,0
-5.336104,0.076641,-2.816543,169.390244,61.341465,-60.000000,0
-5.872588,0.325723,-3.784131,89.634148,39.878048,-52.073174,0
-5.642666,-0.182021,-3.218906,47.439026,30.000000,-46.219513,0
-5.470225,-0.881367,-4.148174,32.682926,25.243902,-46.585365,0
-5.977969,-0.431104,-4.655918,1.707317,13.048780,-32.195122,0
-6.045030,-1.053809,-4.742139,-34.268295,0.000000,-21.951220,0
-6.504873,-0.890947,-5.058281,-43.780487,-18.292683,-12.439025,0
-6.552774,-0.229922,-4.301455,-36.097561,-34.512196,-1.341463,0
-6.159990,0.507744,-2.941084,-12.439025,-43.048782,11.707317,0
-6.025869,1.350791,-2.787803,-12.804878,-49.634148,17.926830,0
-6.102510,2.624942,-2.835703,-44.146343,-67.317078,16.463415,0
-6.064190,2.222578,-2.787803,-63.780491,-74.878052,16.951220,0
-5.680986,2.548301,-1.398691,-56.341465,-86.219513,16.463415,0
-5.594766,2.596201,0.220342,-47.195122,-93.414635,22.317074,0
-5.269043,2.395020,1.283731,-34.146343,-90.853661,21.341463,0
-5.154082,2.155518,2.212998,-23.780489,-96.463417,22.804878,0
-5.077442,2.040557,2.797383,-28.780489,-100.731712,21.463415,0
-4.684659,0.996328,3.065625,-38.536587,-98.292686,23.780489,0
-4.588858,0.076641,2.902764,-42.560978,-99.268295,38.170734,0
-4.167334,0.948428,3.774551,-36.707317,-108.536591,48.902439,0
-3.946992,1.935176,4.962481,-19.512196,-110.121956,54.878052,0
-3.736231,2.730322,5.613926,-8.536586,-115.000000,62.682930,0
-3.285967,3.812871,5.479805,-8.780488,-110.121956,59.634148,0
-3.257227,4.301455,6.198311,-20.243902,-103.902443,69.024391,0
-3.017725,3.717071,6.897656,-23.658537,-117.317078,63.170734,0
-2.548301,2.864444,9.369317,-22.804878,-109.878052,73.780487,0
-2.481240,2.433340,10.538086,-14.878049,-110.121956,75.121956,0
-1.504072,3.420088,11.697276,-11.829268,-104.024391,90.000000,0
-2.145938,7.405401,12.521163,-7.682927,-95.853661,101.219513,0
-2.337539,9.896221,14.264737,-14.390244,-86.951225,87.682930,0
-2.423760,9.283096,15.826290,-33.536587,-78.048782,78.536591,0
-2.375859,8.210127,16.544796,-51.463417,-65.365852,72.682930,0
-2.251318,7.070098,16.094532,-55.731709,-45.975613,64.390244,1
-2.653682,5.709727,15.031143,-70.365852,-36.219513,69.878052,0
-2.145938,5.326524,14.762901,-60.609756,-24.878050,68.658539,0
-1.820215,4.703819,15.644268,-61.829269,-13.048780,67.560974,0
-1.868115,3.563789,13.958175,-68.292686,-9.268293,77.073174,0
-1.571133,3.123106,14.188096,-47.804878,0.000000,83.536591,0
-1.187930,4.540957,13.766573,-37.682926,-1.097561,92.682930,0
-1.025068,4.770879,16.659756,-26.585367,8.780488,88.536591,0
-0.555645,5.345684,18.863174,-12.439025,19.268293,96.829269,0
-0.364043,5.700147,19.562521,-12.560976,44.756100,95.731712,0
-0.335303,7.242539,17.943487,-7.560976,60.000000,95.121956,0
-0.028740,9.263936,15.146104,0.487805,80.731712,91.951225,0
-0.335303,10.346485,12.252920,-11.951220,89.390244,83.048782,0
-0.306563,10.624307,9.762100,-5.243903,97.560974,72.560974,1
-0.785566,11.984678,7.443721,14.390244,102.560982,51.829269,0
-1.082549,12.291241,6.380332,39.512196,96.585365,27.317074,0
-1.149609,11.247012,5.508545,46.585365,88.414635,13.292684,0
-1.274150,9.110655,4.406836,57.560978,92.560974,-3.170732,0
-1.465752,7.577842,4.483477,69.024391,84.268295,-21.341463,0
-1.657354,7.050938,5.087022,67.926834,79.634148,-25.243902,0
-1.762734,6.045030,4.857100,68.780487,79.146347,-34.512196,0
-2.241738,6.045030,3.822451,59.268295,76.707321,-37.804878,0
-2.567461,5.690567,3.094365,74.146347,64.878052,-44.268295,0
-2.682422,6.131250,3.630850,76.829269,57.317074,-52.560978,0
-2.720742,5.470225,3.630850,93.414635,66.829269,-63.414635,0
-2.509981,4.157754,3.180586,85.853661,65.365852,-61.951221,0
-2.759063,3.506309,1.820215,73.292686,59.634148,-64.512199,0
-3.008145,3.793711,1.025068,66.585365,50.000000,-68.048782,0
-3.343447,4.272715,1.484912,44.268295,49.512196,-66.707321,0
-3.822451,4.042793,1.053809,30.243904,44.878052,-71.463417,0
-3.506309,4.071533,0.268242,37.439026,33.902439,-68.414635,0
-4.061953,2.126777,0.000000,54.024391,29.756098,-67.926834,0
-3.295547,2.519561,1.254990,50.365856,15.121952,-72.804878,0
-3.602109,2.395020,0.325723,-13.658537,14.024390,-70.487808,0
-4.023633,1.293311,-0.833467,-60.487808,6.585366,-63.170734,0
-4.617598,0.555645,-1.379531,-86.341469,-4.878049,-51.951221,0
-5.527705,0.661025,-1.417852,-73.414635,-12.926829,-44.268295,0
-5.709727,0.900527,-0.526904,-80.609756,-22.195122,-34.390244,0
-4.636758,0.881367,0.785566,-72.682930,-38.048782,-24.878050,0
-4.675078,0.670605,1.791475,-67.317078,-48.170734,-13.292684,0
-4.445157,1.235830,0.000000,-65.121956,-56.097561,-11.097561,0
-4.818779,2.222578,1.360371,-86.219513,-76.951218,-8.780488,0
-4.684659,1.705254,3.650010,-116.341469,-80.609756,-4.634147,0
-4.703819,1.274150,4.215235,-95.000000,-83.780487,-2.073171,0
-4.157754,2.174678,4.349356,-45.731709,-93.658539,-1.707317,0
-4.311035,2.644102,4.837940,-35.243904,-98.414635,1.951220,0
-3.515889,2.893184,5.853428,-49.146343,-105.000000,1.829268,0
-3.266807,2.021397,7.232959,-60.853661,-108.658539,1.585366,0
-2.644102,2.145938,9.235196,-35.121952,-110.487808,1.463415,0
-2.337539,3.736231,9.455538,-4.878049,-108.170731,8.292683,0
-2.663262,6.064190,8.957374,1.463415,-94.878052,3.658537,0
-2.375859,6.409072,10.538086,2.439024,-107.804878,-6.585366,0
-2.251318,4.751719,11.898458,-7.317073,-96.097565,-12.804878,0
-2.117197,4.358936,12.319981,-1.097561,-99.268295,-7.317073,0
-2.193838,5.144502,12.875626,10.121951,-91.585365,-15.243903,0
-1.657354,5.345684,11.821816,17.926830,-82.073174,-16.829269,0
-1.724414,6.629415,11.457774,23.536587,-81.463417,-21.585367,0
-1.896856,7.529942,13.095967,7.195122,-83.170731,-29.390245,0
-1.312471,6.763535,16.027472,-1.219512,-76.463417,-37.195122,0
-1.475332,5.700147,15.126944,-3.536585,-57.317074,-42.682926,1
-1.599873,4.713398,13.900694,9.268293,-46.951221,-49.512196,0
-1.532813,4.023633,13.814473,7.317073,-34.756100,-49.878052,0
-1.599873,3.908672,13.603711,28.658537,-33.780487,-56.585365,0
-1.590293,3.650010,12.856465,27.439026,-25.487806,-45.487804,0
-2.136358,2.490820,12.990586,30.975611,-27.073172,-55.853661,0
-2.280059,1.197510,15.232325,23.780489,-14.024390,-52.439026,0
-2.280059,0.622705,16.525635,20.731709,-12.195122,-46.097561,0
-2.193838,0.201182,15.931670,24.268293,13.048780,-33.658539,0
-2.318379,0.766406,13.689932,25.609756,22.560976,-33.170731,0
-2.577041,0.890947,11.888878,41.951221,26.707317,-18.170732,0
-2.337539,1.044229,12.913946,43.780487,28.048780,-20.000000,0
-2.366279,1.647774,12.655284,46.585365,36.585365,-10.609756,0
-2.605781,3.353028,12.147539,49.268295,42.317074,-15.975610,1
-2.481240,4.943321,11.496095,57.926830,53.780491,-17.560976,0
-2.548301,5.221143,10.116563,51.585365,44.512196,-16.585365,0
-2.605781,4.550537,10.087823,57.439026,46.341465,-24.146341,0
-2.385440,3.812871,10.097403,55.731709,56.097561,-21.219513,0
-2.644102,2.893184,8.545430,51.219513,50.853661,-27.195122,0
-2.462080,2.509981,7.692803,53.780491,53.292683,-24.024391,0
-2.749483,3.199746,7.644903,53.780491,56.097561,-26.341465,0
-2.864444,3.477569,7.941885,48.536587,51.585365,-20.609756,0
-2.739902,3.975733,8.028106,42.317074,56.585365,-26.341465,0
-2.969824,3.764971,7.261700,32.926830,57.073174,-26.585367,0
-2.931504,3.554209,6.773116,31.951220,54.146343,-31.585367,0
-3.199746,4.004473,6.274951,30.243904,66.097565,-26.585367,0
-3.247647,3.745811,5.738467,26.219513,58.414635,-25.609756,0
-3.151846,3.008145,4.560117,24.756098,68.048782,-31.097561,0
-3.650010,2.270479,3.333867,19.756098,57.804878,-22.926830,0
-4.052373,1.753154,2.787803,27.804878,53.902439,-26.341465,0
-4.042793,1.408272,1.992656,26.463415,46.829269,-11.341464,0
-4.253555,2.327959,2.251318,12.195122,40.731709,-11.341464,0
-4.138594,2.548301,1.820215,16.341463,32.073170,-8.414635,0
-4.253555,3.506309,1.216670,10.365854,25.243902,-8.780488,0
-4.224814,4.569697,0.747246,3.658537,19.756098,-10.121951,0
-4.598438,4.646338,0.153281,-3.170732,16.951220,-7.317073,0
-4.694239,4.943321,0.565225,-19.024391,4.512195,-10.121951,0
-4.464316,4.780459,0.392783,-7.682927,0.609756,-20.487804,0
-4.512217,5.288203,0.229922,-17.317074,-10.121951,-8.292683,0
-4.435576,5.613926,-0.421523,-30.365854,-17.682928,-24.024391,0
-4.521797,4.378096,-0.296982,-36.585365,-30.487806,-30.000000,0
-4.579278,3.372188,0.277822,-51.341465,-40.975609,-36.707317,0
-4.253555,0.661025,-0.277822,-54.634148,-52.560978,-39.146343,0
-4.023633,-0.603545,0.364043,-44.146343,-60.853661,-20.609756,0
-3.956573,-0.852627,2.634521,-36.829269,-77.682930,-17.195122,0
-4.109854,-1.207090,4.138594,-49.024391,-81.829269,-17.560976,0
-4.071533,-3.017725,5.221143,-62.073174,-89.756104,-4.878049,0
-3.429668,-3.113526,5.910908,-55.487804,-90.365852,9.146341,0
-3.257227,-1.082549,7.625742,-54.146343,-96.341469,32.439026,0
-3.525469,-0.162861,9.445957,-49.878052,-92.804878,40.000000,0
-3.688330,1.312471,10.451866,-42.804878,-87.804878,40.365856,0
-3.381768,0.795147,11.505674,-53.170734,-84.024391,32.439026,0
-3.314707,0.038320,10.911710,-51.097561,-80.731712,45.000000,0
-2.950664,0.555645,11.946358,-60.609756,-80.975609,54.756100,0
-2.787803,1.551973,13.527071,-55.731709,-79.268295,49.146343,0
-2.519561,1.590293,13.958175,-47.439026,-69.512199,62.073174,0
-2.098037,1.571133,14.408438,-49.024391,-61.951221,65.487808,0
-1.954336,2.557881,15.308966,-55.609756,-58.658539,69.878052,0
-1.896856,4.387676,18.738634,-48.170734,-49.268295,69.756096,0
-2.040557,4.742139,19.380499,-35.365856,-20.243902,61.951221,1
-1.762734,3.650010,18.633253,-44.268295,-21.097561,68.292686,0
-1.312471,2.739902,17.723145,-46.829269,-1.463415,60.853661,0
-1.044229,2.615361,16.870518,-35.365856,13.780488,62.560978,0
-0.689766,3.123106,15.835870,-28.414635,26.463415,74.512199,0
-0.747246,4.464316,14.743741,-34.878048,41.341465,72.195122,0
-0.785566,4.665498,13.900694,-27.682928,40.365856,62.560978,0
-0.871787,3.640430,14.341377,-25.121952,44.878052,54.390244,0
-0.919688,3.515889,14.303058,-25.609756,57.317074,59.878052,0
-1.187930,4.148174,12.942686,-16.951220,57.560978,55.487804,0
-1.398691,4.234395,12.367882,-14.634147,72.195122,47.317074,0
-1.657354,3.937412,11.601475,-1.829268,67.439026,42.195122,0
-1.896856,3.276387,11.563155,9.024390,78.170731,35.000000,0
-1.839375,3.381768,11.074571,21.341463,75.487808,34.390244,1
-1.906436,3.726650,11.055410,17.560976,79.512199,29.268293,0
-2.155518,3.870352,11.524835,31.829269,80.121956,25.000000,0
-2.002236,4.234395,11.553575,42.926830,90.487808,15.000000,0
-2.098037,4.291875,10.566827,35.853661,92.804878,15.609756,0
-2.232158,3.611690,9.484278,40.365856,106.463417,5.243903,0
-2.347119,2.692002,8.190968,32.804878,105.000000,1.951220,0
-2.471660,2.414180,8.066426,30.609756,99.390244,9.146341,0
-2.663262,4.033213,7.606582,45.121952,105.731712,-1.707317,0
-2.960244,5.259463,6.591094,45.243904,104.878052,-5.000000,0
-3.343447,5.211563,6.112090,48.292683,100.853661,-11.585366,0
-3.525469,4.387676,6.246211,55.365856,92.804878,-28.292683,0
-3.132686,3.506309,5.901329,82.804878,99.146347,-30.243904,0
-3.678750,3.247647,2.768643,80.853661,100.731712,-29.390245,0
-4.004473,2.011817,2.203418,73.658539,87.195122,-27.317074,0
-4.416416,2.145938,1.733994,75.243904,90.975609,-38.780487,0
-4.933741,2.145938,1.619033,66.097565,76.219513,-30.487806,0
-5.336104,1.389111,1.446592,68.414635,75.243904,-34.634148,0
-4.914580,1.216670,3.295547,76.341469,61.097561,-22.560976,0
-4.780459,1.820215,3.142266,67.195122,64.024391,-13.414635,0
-4.608018,3.017725,0.229922,56.341465,69.756096,-18.292683,0
-5.412745,3.467988,-3.103945,31.097561,60.609756,-24.390244,0
-5.613926,3.056045,-4.330195,21.463415,40.609756,-27.073172,0
-5.824688,2.605781,-4.924160,20.365854,24.756098,-28.414635,0
-6.035450,1.772315,-4.014053,18.292683,5.853659,-30.365854,0
-5.958809,0.249082,-1.695674,28.048780,-10.609756,-22.682928,0
-5.613926,0.431104,0.038320,24.878050,-18.292683,-14.878049,0
-5.939649,1.743574,0.239502,-5.853659,-24.024391,-11.829268,0
-6.217471,2.423760,-0.105381,-15.853659,-31.463415,-9.268293,0
-6.006709,2.442920,-0.766406,-10.975610,-35.365856,-5.731708,0
-5.403164,2.711162,-1.072969,-6.951220,-46.707317,-5.000000,0
-5.096602,4.320615,-1.331631,-14.756098,-59.878052,-13.048780,0
-5.345684,4.742139,-2.931504,-18.780489,-68.414635,-14.512196,0
-4.952900,3.075205,-3.391348,-10.000000,-89.024391,-16.219513,0
-3.937412,1.504072,-2.337539,-12.926829,-111.707321,-20.121952,0
-3.669170,1.197510,0.019160,-11.951220,-126.341469,-19.878050,0
-3.199746,1.571133,3.439248,-25.853659,-137.073181,-16.463415,0
-2.557881,0.641865,5.441484,-40.853661,-137.073181,-11.219513,0
-2.864444,-0.737666,2.711162,-15.000000,-146.951218,-10.000000,0
-2.529141,1.274150,5.642666,-19.024391,-155.365860,0.000000,0
-2.232158,1.369951,9.206455,-40.609756,-155.121948,11.829268,0
-2.002236,0.488584,10.720108,-29.390245,-147.926834,3.170732,0
-2.232158,-0.881367,9.790840,-22.195122,-145.000000,13.658537,0
-1.896856,-0.785566,11.409874,-34.512196,-139.512192,18.414635,0
-1.868115,-1.331631,11.630216,-8.414635,-134.634155,31.951220,0
-1.437012,0.095801,13.891114,-1.097561,-129.756104,39.024391,0
-1.197510,0.775986,12.741505,-8.414635,-116.707321,47.195122,0
-1.130449,1.456172,11.812237,-35.975609,-124.268295,53.902439,0
-0.536484,1.427432,12.722344,-37.317074,-116.707321,60.975613,0
-0.239502,2.299219,15.002403,-21.463415,-117.195122,58.170734,0
0.000000,0.967588,15.510147,-30.731709,-114.634148,67.682930,0
0.795147,4.196074,19.610420,-24.390244,-106.951225,75.853661,1
-0.201182,6.102510,19.610420,-11.341464,-72.195122,68.170731,0
-0.565225,7.961045,19.610420,-20.243902,-39.390244,50.487804,0
-0.287402,7.587422,19.610420,-26.463415,-15.609756,46.341465,0
0.095801,5.843848,15.816710,-22.926830,-5.000000,34.268295,0
-0.210762,4.263135,12.961846,-12.195122,-1.951220,30.975611,0
0.191602,2.366279,12.090059,10.121951,2.317073,35.609756,0
0.498164,3.784131,15.893351,16.829269,-2.560976,39.634148,0
0.182021,4.311035,18.000967,34.756100,10.609756,38.902439,0
-0.038320,3.985313,16.429834,16.707317,26.341465,33.902439,0
0.028740,1.848955,15.443087,11.707317,44.268295,28.292683,0
0.603545,0.929268,14.274317,19.146341,52.682930,34.268295,0
0.364043,4.138594,12.425362,47.804878,66.463417,29.878050,0
-0.296982,7.347920,11.227852,47.560978,70.000000,27.926830,1
-0.354463,6.868917,10.250684,48.048782,73.780487,7.926829,0
-0.507744,5.508545,9.695040,64.756096,81.097565,-9.634147,0
-0.364043,5.067862,10.193204,81.219513,85.609756,-18.048780,0
-0.632285,3.908672,8.305928,63.902439,90.975609,-25.731709,0
-0.804727,2.634521,7.587422,55.853661,95.487808,-31.585367,0
-0.881367,1.628613,7.932305,50.853661,95.731712,-36.341465,0
-0.843047,1.341211,8.526270,49.024391,95.975609,-22.073172,0
-0.843047,1.963916,7.175479,32.560978,105.000000,-27.195122,0
-1.322051,2.883604,5.345684,17.439024,107.682930,-28.780489,0
-1.666934,3.142266,5.498965,27.439026,105.609756,-27.560976,0
-1.868115,3.238066,4.560117,14.268293,106.341469,-29.878050,0
-1.935176,4.205655,3.764971,17.195122,108.292686,-31.707317,0
-2.519561,5.336104,2.308799,8.902439,107.439026,-32.317074,0
-2.998564,5.058281,1.264570,11.097561,98.902443,-34.756100,0
-3.036885,2.462080,-0.440684,41.341465,87.073174,-50.487804,0
-2.797383,0.852627,0.689766,58.780491,76.585365,-40.487804,0
-2.874024,1.858535,1.408272,69.878052,69.024391,-41.341465,0
-3.448828,2.260899,0.421523,57.560978,64.390244,-40.243904,0
-3.937412,2.854863,-0.268242,13.414635,57.195122,-40.609756,0
-4.358936,3.745811,-0.191602,-42.439026,35.975609,-38.414635,0
-4.742139,3.420088,-0.747246,-58.780491,30.487806,-40.975609,0
-4.857100,2.577041,-2.021397,-29.390245,14.878049,-39.390244,0
-4.895420,1.369951,-2.481240,-5.609756,-1.707317,-43.536587,0
-4.761299,-0.134121,-2.270479,2.073171,-23.658537,-37.560978,0
-4.703819,-0.584385,-1.398691,-8.780488,-41.219513,-26.097561,0
-4.263135,-0.076641,-0.249082,-24.390244,-60.243904,-17.439024,0
-4.301455,-0.364043,-1.379531,-37.195122,-71.951218,-9.268293,0
-3.908672,-0.220342,-2.212998,-33.170731,-95.975609,4.024390,0
-3.314707,0.651445,-0.268242,-26.219513,-123.170738,13.902439,0
-2.299219,2.749483,3.841611,-16.341463,-144.878052,16.707317,0
-2.538721,6.370752,3.123106,-13.292684,-145.975616,17.926830,0
-2.395020,3.343447,11.467354,-9.634147,-142.682938,17.682928,0
-2.069297,1.571133,12.607384,-7.317073,-134.878052,15.121952,0
-1.714834,1.801055,13.747413,-4.146341,-128.902435,24.756098,0
-1.647774,3.305127,12.252920,-17.195122,-105.487808,32.560978,0
-1.781895,4.138594,10.059082,-26.951220,-106.463417,28.658537,0
-1.628613,4.100274,9.790840,-20.243902,-111.951225,34.268295,0
-0.862207,5.748047,13.163028,18.170732,-110.365860,26.219513,0
-0.421523,7.050938,13.479171,26.341465,-106.707321,27.439026,0
-0.910107,8.372989,13.661192,18.414635,-103.048782,20.121952,0
-0.785566,8.372989,16.238234,16.829269,-83.536591,7.926829,0
-0.795147,7.395821,16.659756,6.707317,-72.195122,-1.219512,1
-0.756826,7.836504,16.611856,10.609756,-56.707317,-8.658537,0
-0.938848,8.104747,14.877862,18.414635,-46.585365,-21.097561,0
-1.063389,7.673643,12.674444,18.902439,-35.853661,-27.926830,0
-0.747246,6.811436,12.521163,20.365854,-25.365854,-36.097561,0
-0.718506,4.608018,12.339141,26.341465,-19.024391,-43.902439,0
-0.756826,4.972061,11.965518,26.951220,-23.414635,-40.000000,0
-0.871787,5.863008,11.726016,37.804878,-11.585366,-43.536587,0
-0.919688,5.479805,11.524835,39.268295,-10.243902,-37.926830,0
-0.661025,5.048701,12.233760,48.536587,-7.317073,-45.243904,0
-0.843047,5.336104,12.760665,51.219513,1.097561,-48.902439,0
-0.843047,5.652246,13.048067,52.073174,10.121951,-52.195122,0
-0.795147,5.585186,13.249249,52.560978,13.048780,-59.146343,0
-0.708926,4.282295,12.923526,51.097561,21.219513,-54.634148,1
-1.015488,3.123106,12.367882,46.219513,37.439026,-58.170734,0
-1.063389,2.730322,12.454103,49.390244,45.853661,-56.585365,0
-1.178350,3.506309,12.003839,48.902439,44.512196,-46.951221,0
-1.101709,4.061953,10.777588,42.560978,48.292683,-41.951221,0
-1.264570,4.722979,9.762100,34.390244,58.414635,-58.902439,0
-1.494492,4.234395,9.867481,33.780487,58.536587,-57.317074,0
-1.542393,3.717071,8.851993,39.146343,65.487808,-55.731709,0
-1.714834,3.860772,8.133487,35.853661,69.878052,-58.414635,0
-2.174678,3.966152,7.616162,34.390244,69.878052,-59.268295,0
-2.557881,4.052373,7.788604,33.292683,63.658539,-49.634148,0
-2.596201,4.052373,7.252120,39.146343,75.975609,-60.365856,0
-2.893184,3.554209,6.207891,26.707317,71.951218,-53.902439,0
-2.605781,3.056045,5.815108,26.097561,74.512199,-52.926830,0
-3.257227,3.573369,3.889512,10.975610,68.414635,-49.268295,0
-3.506309,3.544629,4.243975,0.365854,64.390244,-50.853661,0
-3.697910,2.270479,3.611690,-1.951220,66.951218,-42.439026,0
-3.736231,1.331631,2.864444,5.975610,65.853661,-50.609756,0
-4.081113,1.571133,0.833467,12.682927,64.512199,-39.756100,0
-4.330195,2.174678,0.114961,13.414635,47.804878,-33.658539,0
-4.521797,2.720742,-0.095801,17.439024,37.439026,-23.292683,0
-4.655918,3.812871,-0.411943,8.170732,25.609756,-29.268293,0
-5.192402,3.180586,-1.092129,4.146341,21.707317,-24.512196,0
-5.106182,2.078877,-1.580713,0.243902,7.560976,-38.658539,0
-5.096602,1.887275,-1.159189,-4.512195,-3.780488,-31.585367,0
-4.962481,1.072969,-0.498164,-12.804878,-12.317074,-20.365854,0
-4.761299,0.335303,-0.038320,-17.073172,-30.487806,-15.487805,0
-5.077442,-0.114961,-0.162861,-29.146341,-34.268295,-19.390244,0
-4.933741,-1.494492,0.220342,-29.512196,-45.121952,-7.073171,0
-4.818779,-2.883604,1.753154,-22.317074,-59.878052,6.219512,0
-4.646338,-2.845283,3.946992,-24.756098,-65.487808,35.000000,0
-4.416416,-1.695674,5.384004,-28.048780,-70.731712,44.268295,0
-4.100274,0.565225,5.709727,-32.926830,-64.878052,54.756100,0
-4.272715,1.801055,6.169570,-43.536587,-68.780487,53.536587,0
-3.937412,2.260899,7.721543,-52.560978,-73.048782,60.975613,0
-3.554209,3.056045,8.995694,-34.512196,-73.414635,68.658539,0
-3.487149,4.952900,10.106983,-42.926830,-63.902439,72.439026,0
-3.707490,6.418653,10.279425,-43.902439,-58.292683,65.853661,0
-3.899092,6.543194,10.183623,-35.487804,-61.219513,46.829269,0
-3.563789,5.355264,10.528506,-49.878052,-59.268295,48.048782,0
-3.324287,3.640430,11.064991,-54.024391,-53.658539,46.585365,0
-3.190166,2.787803,11.304493,-49.634148,-50.975613,52.926830,0
-2.979404,2.874024,11.793077,-39.512196,-48.170734,56.829269,0
-2.624942,3.535049,12.856465,-45.609756,-50.000000,67.804878,0
-2.644102,4.129014,13.354630,-43.414635,-38.414635,59.512196,0
-2.471660,4.608018,13.785733,-37.317074,-30.000000,63.414635,0
-2.069297,5.125342,14.504239,-26.219513,-29.024391,66.707321,0
-1.887275,5.642666,15.778389,-24.390244,-17.439024,63.292683,1
-1.839375,6.150411,15.558047,-25.000000,-3.902439,55.609756,0
-1.733994,6.342012,15.241905,-24.268293,16.097561,50.487804,0
-1.580713,5.680986,13.996494,-30.609756,24.634148,53.414635,0
-1.619033,5.575606,12.760665,-25.487806,24.268293,46.097561,0
-1.331631,6.092930,11.687696,-10.487805,25.121952,43.048782,0
-1.369951,5.661827,10.940450,-16.585365,33.536587,42.317074,0
-1.456172,5.786367,11.199112,-18.902439,33.536587,37.317074,0
-1.389111,5.748047,11.611055,-19.268293,44.390244,28.536587,0
-1.599873,5.604346,11.534414,-11.585366,50.243904,25.365854,0
-1.705254,5.125342,11.505674,-8.902439,46.585365,28.048780,0
-1.705254,5.048701,10.710527,-3.780488,52.317074,24.024391,0
-1.724414,5.163662,10.442286,4.878049,58.536587,13.902439,0
-1.877695,4.579278,10.231524,10.365854,54.756100,12.439025,1
-2.136358,4.627178,10.566827,16.585365,60.975613,10.853659,0
-2.145938,4.837940,11.122471,21.341463,67.195122,16.341463,0
-2.270479,6.150411,9.723780,31.829269,71.219513,4.634147,0
-2.433340,6.581514,8.574170,32.804878,73.536591,-13.048780,0
-2.653682,5.613926,8.756192,28.292683,74.146347,-7.926829,0
-2.663262,5.518125,9.043594,39.512196,78.292686,-15.365854,0
-2.701582,5.824688,8.660391,40.731709,83.780487,-26.463415,0
-2.835703,5.307364,7.127578,45.487804,82.195122,-36.219513,0
-3.123106,4.684659,6.006709,49.146343,86.219513,-39.024391,0
-3.161426,4.157754,6.629415,45.000000,82.804878,-30.609756,0
-3.343447,3.602109,6.456973,47.439026,89.268295,-42.073174,0
-3.650010,3.582949,4.627178,54.146343,81.829269,-35.487804,0
-4.186494,3.563789,4.330195,48.170734,73.780487,-35.121952,0
-4.445157,3.621270,4.358936,55.243904,71.585365,-42.073174,0
-4.387676,4.291875,4.425996,50.121952,74.878052,-38.048782,0
-4.780459,3.946992,3.736231,34.390244,67.926834,-37.926830,0
-4.943321,3.008145,3.429668,34.146343,68.414635,-37.560978,0
-4.991221,1.839375,2.423760,36.585365,59.024391,-41.707317,0
-5.192402,2.375859,0.785566,39.268295,59.634148,-39.756100,0
-5.585186,2.107617,0.134121,15.975610,50.365856,-32.926830,0
-5.767207,1.638193,-0.479004,11.707317,42.560978,-34.878048,0
-5.891748,1.369951,-0.814307,17.439024,36.585365,-22.560976,0
-5.863008,1.954336,-0.785566,12.682927,24.146341,-14.268293,0
-6.150411,2.730322,-0.335303,18.902439,14.634147,-19.268293,0
-6.092930,2.356699,0.038320,15.243903,6.951220,-21.097561,0
-6.265371,2.337539,-0.651445,3.292683,0.975610,-19.268293,0
-6.274951,2.203418,-0.919688,2.317073,-5.487805,-19.634148,0
-6.265371,2.165098,-0.641865,-9.024390,-18.048780,-14.878049,0
-6.121670,2.251318,-0.862207,-13.658537,-16.463415,-12.317074,0
-6.025869,2.787803,-2.050137,-8.658537,-33.048782,-11.219513,0
-5.374424,1.408272,-2.586621,-9.878049,-41.341465,-1.219512,0
-5.316944,1.140029,-2.385440,-0.853659,-57.682930,0.000000,0
-5.039121,1.369951,-0.996328,-22.317074,-78.414635,-5.975610,0
-4.665498,0.536484,0.162861,-23.658537,-81.219513,-0.975610,0
-4.473897,-0.565225,1.408272,-15.609756,-98.414635,12.804878,0
-4.052373,-0.316143,2.701582,-26.585367,-108.658539,21.951220,0
-4.167334,-0.287402,3.946992,-36.829269,-114.512199,28.292683,0
-3.563789,-0.919688,5.345684,-19.268293,-111.829269,35.853661,0
-3.171006,0.095801,6.686895,-1.097561,-122.073174,45.731709,0
-2.960244,2.280059,7.855664,-6.097561,-131.219513,59.512196,0
-2.854863,4.263135,8.210127,-11.219513,-118.902443,55.609756,0
-2.481240,5.680986,9.944121,-19.268293,-114.634148,53.414635,0
-2.471660,5.163662,10.375225,-34.634148,-121.829269,55.853661,0
-2.529141,1.714834,9.225616,-48.780487,-117.317078,45.731709,0
-1.791475,0.651445,11.361973,-36.951221,-114.024391,55.853661,0
-0.871787,2.280059,13.689932,-16.951220,-107.804878,77.560974,0
-1.427432,4.416416,15.194005,-13.292684,-105.731712,77.073174,0
-1.532813,6.667735,15.203585,-9.756098,-91.951225,69.756096,0
-0.996328,7.079678,15.653849,-27.804878,-78.658539,65.975609,0
-0.852627,5.527705,15.146104,-32.439026,-73.048782,62.073174,0
-0.986748,7.146739,15.376026,-17.317074,-62.804878,54.878052,1
-0.862207,6.734795,15.404766,-19.146341,-54.390244,62.439026,0
-0.689766,5.048701,15.050303,-23.780489,-42.317074,50.487804,0
-0.287402,5.039121,16.257393,-17.073172,-33.170731,56.951221,0
0.028740,5.355264,15.261065,-1.585366,-21.463415,46.341465,0
0.402363,7.434141,14.370118,7.926829,-6.585366,46.951221,0
0.220342,8.028106,13.507911,13.902439,-2.804878,40.487804,0
0.172441,7.319180,14.954503,17.073172,3.536585,33.536587,0
0.287402,6.696475,14.686260,20.121952,18.292683,30.609756,0
0.047900,5.652246,13.479171,12.804878,26.463415,17.195122,0
0.287402,4.866680,13.871954,8.780488,32.073170,21.463415,0
0.402363,5.240303,14.140196,21.707317,48.902439,25.121952,0
-0.153281,7.185059,12.664864,15.243903,62.317074,10.609756,0
-0.364043,7.472461,10.988350,14.146341,63.658539,1.341463,1
-0.249082,7.309600,10.758429,19.878050,70.243904,-6.707317,0
-0.498164,7.185059,9.963282,22.682928,82.073174,-18.780489,0
-0.383203,5.795948,9.216036,27.560976,84.268295,-28.292683,0
-0.737666,5.288203,8.909473,41.341465,93.048782,-38.414635,0
-0.747246,4.368516,8.238868,45.487804,88.780487,-42.439026,0
-0.737666,3.324287,7.213799,37.439026,90.121956,-34.512196,0
-1.178350,2.854863,6.533614,30.243904,89.756104,-36.707317,0
-1.590293,3.209326,6.274951,32.073170,96.951225,-43.536587,0
-1.772315,3.151846,5.575606,18.658537,89.024391,-40.853661,0
-2.184258,3.161426,4.780459,12.073171,91.097565,-35.853661,0
-2.442920,4.464316,4.311035,29.146341,86.585365,-35.121952,0
-2.739902,5.891748,4.148174,40.731709,86.097565,-46.829269,0
-3.151846,5.680986,3.688330,40.121952,81.951218,-58.536587,0
-3.448828,4.473897,3.190166,39.756100,79.024391,-49.756100,0
-3.209326,2.107617,1.264570,28.170732,75.121956,-53.536587,0
-3.793711,1.072969,-0.823887,13.780488,53.658539,-43.048782,0
-4.176914,1.523232,-1.015488,4.878049,47.560978,-39.146343,0
-4.358936,1.973496,-0.450264,2.804878,30.000000,-29.634148,0
-4.521797,2.586621,-1.015488,16.219513,29.390245,-31.219513,0
-4.866680,3.123106,-1.360371,24.146341,14.878049,-30.000000,0
-4.847520,4.473897,-1.254990,14.024390,-4.878049,-24.878050,0
-5.144502,3.276387,-0.641865,-15.243903,-9.756098,-29.878050,0
-4.933741,2.212998,0.191602,-24.390244,-24.512196,-28.780489,0
-4.809199,0.565225,0.000000,-36.951221,-35.243904,-29.390245,0
-4.837940,-0.229922,-0.728086,-28.902439,-42.682926,-10.975610,0
-4.148174,0.574805,-0.316143,-22.439026,-58.170734,-9.146341,0
-4.339776,1.743574,1.005908,-24.390244,-75.121956,0.487805,0
-3.832031,1.599873,2.883604,-11.707317,-88.902443,0.731707,0
-3.851192,1.523232,4.253555,-1.341463,-96.341469,7.317073,0
-3.477569,1.235830,6.974297,-5.853659,-94.878052,15.609756,0
-3.123106,1.542393,9.417217,-6.341464,-103.536591,28.048780,0
-3.113526,3.458408,11.764337,12.682927,-94.390244,35.121952,0
-3.027305,5.661827,10.020762,2.317073,-92.804878,37.682926,0
-3.209326,6.638994,7.386240,-5.609756,-72.560974,25.487806,0
-3.056045,6.495293,8.459209,-24.756098,-80.121956,13.170732,0
-2.481240,6.361172,10.442286,-20.609756,-81.707321,20.000000,0
-2.280059,6.054610,9.838740,6.707317,-74.878052,13.170732,0
-2.299219,6.035450,9.177715,-5.731708,-78.170731,14.878049,0
-2.078877,5.575606,12.147539,-2.317073,-75.975609,-0.731707,0
-1.916016,5.537285,13.517490,0.000000,-80.853661,10.243902,0
-2.021397,5.930068,12.022999,6.829268,-56.463417,0.000000,0
-1.944756,5.508545,9.723780,-10.609756,-58.048782,-3.658537,0
-1.695674,6.294112,11.745176,-5.609756,-50.243904,-6.219512,0
-1.504072,6.907237,13.143867,-2.195122,-46.341465,-7.317073,0
-1.609453,6.801856,12.415782,1.707317,-36.341465,-14.390244,0
-1.666934,6.169570,10.691368,2.317073,-30.731709,-25.731709,0
-1.456172,5.297783,11.179952,2.682927,-32.682926,-19.634148,0
-1.513652,5.403164,12.118799,4.756098,-19.756098,-27.073172,0
-1.590293,6.121670,12.339141,9.512196,-16.219513,-27.195122,1
-1.523232,6.083350,10.969190,13.780488,-1.585366,-32.926830,0
-1.551973,5.479805,10.346485,17.073172,-10.243902,-36.707317,0
-1.398691,4.885840,10.451866,9.878049,-2.317073,-30.609756,0
-1.599873,4.646338,10.624307,9.512196,-0.731707,-32.439026,0
-1.551973,4.713398,11.170372,22.317074,6.341464,-33.902439,0
-1.647774,4.933741,11.045831,19.512196,1.585366,-43.536587,0
-1.733994,4.588858,11.620635,27.926830,13.658537,-42.195122,0
-1.887275,4.330195,11.783497,22.195122,15.121952,-44.268295,0
-1.858535,4.129014,11.036250,16.829269,21.585367,-40.121952,0
-2.088457,3.879932,10.327325,21.951220,25.487806,-40.609756,0
-2.260899,4.569697,9.992022,31.097561,34.634148,-43.658539,0
-2.145938,5.154082,9.503438,33.170731,33.780487,-44.756100,0
-2.251318,5.336104,9.196876,35.731709,33.536587,-43.536587,0
-2.452500,4.119434,9.589659,35.365856,44.512196,-51.829269,0
-2.586621,3.333867,9.139395,34.024391,41.341465,-50.609756,0
-2.634521,2.711162,8.478370,27.317074,48.902439,-47.682926,0
-2.912344,2.931504,8.497530,31.341465,51.585365,-47.317074,0
-3.247647,3.573369,8.507110,30.243904,54.756100,-50.853661,0
-2.921924,3.324287,8.076006,27.317074,59.878052,-47.560978,0
-3.314707,3.506309,6.456973,21.707317,47.804878,-43.780487,0
-3.602109,3.755391,5.805528,22.560976,51.341465,-38.536587,0
-3.822451,4.167334,5.633086,26.341465,44.146343,-46.707317,0
-3.985313,2.912344,5.451065,24.878050,41.341465,-48.658539,0
-4.100274,1.532813,5.987549,19.634148,43.170734,-51.463417,0
-4.167334,1.389111,5.910908,19.512196,37.926830,-24.756098,0
-4.397256,1.820215,4.627178,11.341464,43.780487,-21.341463,0
-4.598438,3.630850,3.458408,11.341464,35.487804,-22.317074,0
-4.799619,3.918252,2.490820,4.268293,31.341465,-23.658537,0
-5.039121,3.908672,1.341211,5.609756,29.634148,-29.512196,0
-5.182823,2.806963,1.197510,1.341463,17.317074,-23.536587,0
-5.230723,2.605781,1.714834,-8.292683,10.853659,-22.439026,0
-5.393584,2.385440,2.730322,-4.024390,-1.341463,-20.975611,0
-5.336104,1.369951,3.506309,-8.048780,3.536585,-12.317074,0
-5.201982,-0.287402,2.567461,-15.487805,-1.829268,-9.024390,0
-5.192402,-0.661025,1.427432,-15.487805,-8.414635,-5.365854,0
-4.952900,0.019160,1.235830,-12.926829,-20.121952,8.658537,0
-4.933741,0.814307,1.111289,-21.951220,-36.341465,21.951220,0
-5.048701,1.398691,1.944756,-14.146341,-39.756100,20.975611,0
-4.751719,0.526904,3.420088,-18.536587,-50.121952,24.268293,0
-4.540957,0.651445,5.987549,-32.317074,-57.682930,29.268293,0
-4.301455,1.609453,7.654483,-31.219513,-55.487804,35.121952,0
-4.473897,2.337539,7.922725,-42.682926,-54.146343,41.463417,0
-4.349356,2.577041,7.702383,-37.926830,-50.365856,47.317074,0
-4.148174,3.180586,6.907237,-38.780487,-44.024391,44.878052,0
-3.918252,3.008145,7.644903,-47.926830,-48.170734,42.317074,0
-3.860772,2.711162,8.277188,-50.975613,-59.146343,41.585365,0
-3.602109,3.602109,9.110655,-36.219513,-56.951221,48.902439,0
-3.659590,3.075205,9.359736,-55.121952,-52.073174,49.634148,0
-3.525469,1.925596,10.030342,-68.780487,-62.073174,45.243904,0
-3.036885,0.814307,13.852794,-72.073174,-48.414635,51.463417,0
-2.778223,1.360371,15.011983,-46.219513,-42.682926,56.829269,0
-2.739902,2.893184,14.082715,-27.439026,-26.951220,67.073174,0
-2.634521,3.477569,12.233760,-39.878048,-22.317074,70.000000,0
-2.366279,3.391348,13.507911,-43.170734,-26.951220,66.463417,0
-2.327959,3.180586,14.609620,-27.317074,-7.682927,65.609756,0
-2.385440,4.876260,14.274317,-15.609756,8.658537,73.048782,1
-2.184258,5.738467,12.971426,-31.341465,20.000000,67.439026,0
-2.050137,6.150411,13.048067,-27.439026,14.878049,58.780491,0
-1.877695,5.154082,13.210928,-30.609756,27.317074,48.170734,0
-1.647774,3.841611,13.038486,-46.097561,29.634148,52.195122,0
-1.925596,3.075205,13.115128,-36.707317,43.048782,50.121952,0
-1.829795,4.397256,12.454103,-36.951221,44.268295,51.463417,0
-2.040557,5.824688,10.940450,-36.219513,50.487804,49.146343,0
-2.222578,5.201982,10.384805,-45.487804,48.780487,44.512196,0
-2.107617,4.751719,11.132051,-34.268295,60.975613,37.682926,0
-2.423760,4.425996,10.892550,-18.780489,59.024391,27.926830,0
-2.490820,4.579278,11.649376,-11.219513,52.317074,38.536587,0
-2.577041,4.560117,12.022999,-12.439025,64.756096,22.195122,0
-2.356699,3.515889,12.751084,-21.707317,71.707321,20.243902,1
-2.423760,3.467988,11.247012,-20.487804,82.560974,12.926829,0
-2.596201,4.885840,8.698711,-8.414635,86.707321,10.243902,0
-2.854863,5.431904,7.961045,-3.536585,86.585365,9.878049,0
-3.151846,5.125342,7.414981,9.512196,78.414635,6.097561,0
-3.448828,4.847520,7.558682,23.780489,75.121956,1.707317,0
-3.640430,4.061953,8.899893,29.634148,75.000000,-3.170732,0
-3.544629,2.941084,9.302257,30.731709,84.878052,-1.707317,0
-3.870352,2.960244,8.248447,25.853659,82.682930,-7.317073,0
-3.927832,3.123106,7.970625,37.804878,82.926834,-13.170732,0
-4.186494,3.592530,6.274951,38.902439,77.439026,-5.000000,0
-4.378096,3.697910,6.859336,39.634148,78.780487,-16.463415,0
-4.732559,4.023633,6.342012,37.804878,75.853661,-20.609756,0
-4.914580,3.592530,4.924160,47.439026,80.731712,-16.463415,0
-5.000801,3.745811,3.908672,47.926830,75.853661,-26.951220,0
-5.278623,3.151846,4.598438,42.195122,75.487808,-24.756098,0
-5.508545,1.983076,4.502637,40.975609,72.682930,-24.390244,0
-5.680986,1.619033,4.962481,38.902439,71.341469,-25.000000,0
-5.853428,0.775986,4.196074,35.975609,65.975609,-21.097561,0
-6.045030,1.389111,3.008145,30.121952,67.439026,-17.682928,0
-6.140831,2.768643,3.036885,24.512196,62.560978,-13.170732,0
-6.418653,2.289639,2.107617,21.219513,52.804878,-14.878049,0
-6.581514,2.155518,1.475332,24.512196,54.268295,-10.609756,0
-6.447393,2.701582,-0.747246,27.439026,50.975613,-6.463415,0
-6.610254,4.243975,-0.335303,31.219513,31.219513,-7.804878,0
-6.667735,4.320615,-0.823887,20.609756,33.292683,-18.170732,0
-6.773116,4.148174,-0.402363,14.512196,13.658537,-19.512196,0
-6.801856,2.960244,-0.689766,20.731709,6.463415,-31.463415,0
-6.706055,1.312471,-1.101709,19.146341,-0.853659,-17.073172,0
-6.763535,0.843047,-0.977168,18.414635,-12.195122,-9.390244,0
-6.629415,1.350791,-0.459844,3.658537,-18.292683,-12.439025,0
-6.514453,1.398691,-0.661025,6.585366,-19.268293,-11.829268,0
-6.888076,1.551973,-2.098037,-10.609756,-34.024391,-3.170732,0
-6.562354,1.341211,-0.536484,-13.048780,-45.609756,-2.560976,0
-6.485713,1.599873,0.593965,-6.463415,-61.219513,-0.609756,0
-6.332432,1.398691,1.829795,6.341464,-64.390244,3.780488,0
-6.207891,1.868115,3.391348,10.853659,-62.317074,6.707317,0
-6.169570,3.084785,4.291875,2.682927,-75.609756,7.317073,0
-6.179151,3.353028,4.387676,-23.902439,-68.292686,6.829268,0
-6.073770,2.826123,4.167334,-22.073172,-70.487808,-0.243902,0
-5.786367,2.308799,3.554209,0.609756,-73.658539,0.365854,0
-5.556446,1.992656,3.075205,22.195122,-78.658539,7.073171,0
-5.144502,1.647774,2.500401,23.536587,-89.512199,3.048780,0
-4.722979,1.293311,2.174678,7.560976,-99.024391,16.585365,0
-4.627178,2.040557,3.554209,-14.024390,-107.317078,10.609756,0
-4.014053,1.274150,5.757627,-46.097561,-112.317078,16.585365,0
-3.659590,1.053809,6.686895,-32.682926,-110.121956,21.707317,0
-3.056045,1.111289,7.022198,-5.365854,-117.926834,31.097561,0
-2.921924,3.841611,7.989786,21.341463,-115.000000,34.146343,0
-2.845283,4.646338,7.961045,-2.195122,-113.902443,19.512196,0
-2.739902,4.588858,9.034014,-36.585365,-119.146347,23.170732,0
-2.318379,0.948428,9.091495,-50.487804,-112.804878,18.170732,0
-1.925596,-1.580713,9.992022,-34.268295,-117.073174,25.609756,0
-1.868115,-0.833467,11.840977,-14.390244,-116.463417,46.219513,0
-1.638193,1.331631,15.471827,-2.682927,-118.536591,52.926830,0
-1.523232,2.126777,15.500567,-17.317074,-97.439026,55.365856,0
-1.590293,2.874024,15.356866,-29.878050,-87.560974,54.390244,0
-1.551973,4.081113,16.573536,-15.000000,-65.121956,49.634148,0
-1.705254,4.972061,16.343615,2.073171,-64.512199,44.146343,1
-1.532813,5.067862,17.541124,13.414635,-51.829269,42.317074,0
-1.551973,4.608018,16.314875,8.292683,-35.975609,41.829269,0
-1.034649,3.065625,15.337706,-11.707317,-25.000000,41.097561,0
-1.015488,-0.296982,13.910275,-24.024391,-13.414635,48.292683,0
-0.057480,-1.753154,14.216837,-13.048780,-3.292683,57.073174,0
0.124541,2.356699,15.136524,11.829268,-0.121951,73.170731,0
-0.306563,6.801856,14.791641,25.000000,11.341464,72.804878,0
-0.785566,8.085587,15.529307,18.780489,22.804878,62.073174,0
-0.823887,8.756192,14.312637,-7.926829,33.292683,48.536587,0
-0.689766,6.600674,13.939014,-2.073171,44.756100,31.463415,0
-0.507744,5.949229,14.140196,5.365854,63.780491,27.439026,0
-0.622705,5.393584,11.927197,1.829268,62.804878,19.390244,0
-0.737666,5.355264,10.336905,-0.731707,83.658539,15.487805,1
-0.852627,5.106182,9.474698,5.121951,80.853661,2.439024,0
-0.967588,5.067862,9.014853,6.097561,79.878052,3.536585,0
-0.977168,5.201982,9.024434,13.780488,83.048782,-0.487805,0
-1.417852,5.403164,7.376660,14.390244,91.463417,-8.048780,0
-1.484912,4.349356,6.916817,14.512196,96.097565,-17.195122,0
-1.973496,4.090693,5.134922,6.219512,86.219513,-25.365854,0
-2.184258,3.113526,3.832031,4.268293,80.731712,-23.292683,0
-2.624942,2.615361,4.157754,10.365854,68.902443,-18.048780,0
-2.902764,2.260899,4.052373,17.560976,60.975613,-23.780489,0
-3.199746,2.375859,3.582949,19.024391,59.512196,-16.097561,0
-3.621270,2.462080,3.841611,21.829269,48.536587,-24.146341,0
-3.630850,3.285967,4.713398,22.926830,50.243904,-13.170732,0
-3.630850,4.905000,5.470225,27.073172,48.414635,-16.829269,0
-3.726650,5.843848,4.512217,32.073170,49.512196,-28.780489,0
-3.362607,6.265371,2.538721,25.609756,43.170734,-37.804878,0
-3.640430,5.364844,0.162861,-1.829268,21.585367,-46.463417,0
-3.889512,4.684659,0.086221,-4.634147,18.780489,-40.853661,0
-3.946992,4.186494,1.657354,-1.585366,6.829268,-57.195122,0
-3.899092,3.602109,2.682422,9.634147,-10.365854,-54.390244,0
-4.119434,2.692002,2.615361,20.365854,-17.926830,-47.682926,0
-4.272715,2.452500,3.391348,24.268293,-25.487806,-42.804878,0
-4.138594,2.442920,4.751719,11.951220,-28.414635,-41.707317,0
-4.291875,1.599873,5.336104,-9.146341,-33.170731,-42.195122,0
-4.186494,0.565225,5.709727,-10.000000,-40.487804,-40.243904,0
-3.927832,0.229922,5.690567,-12.073171,-38.902439,-26.951220,0
-4.176914,0.182021,5.182823,-3.170732,-47.682926,-19.512196,0
-3.994893,0.239502,5.374424,2.926829,-61.463417,-14.878049,0
-4.061953,0.747246,5.680986,0.243902,-58.902439,-6.585366,0
-3.851192,1.571133,6.974297,9.512196,-73.902443,-6.219512,0
-3.640430,2.672842,9.292676,5.975610,-72.682930,1.463415,0
-3.611690,3.132686,9.829161,-3.658537,-63.414635,0.609756,0
-3.506309,2.395020,10.509346,-1.097561,-62.317074,-2.682927,0
-3.190166,1.714834,9.877061,1.585366,-59.512196,-1.585366,0
-3.180586,2.385440,8.861572,6.097561,-54.268295,0.121951,0
-3.151846,3.774551,9.034014,5.731708,-62.439026,4.390244,0
-3.084785,4.521797,9.551338,2.804878,-55.975613,-4.634147,0
-2.912344,5.249883,11.170372,1.951220,-53.902439,-2.682927,0
-2.816543,4.818779,11.505674,-1.829268,-52.560978,-7.560976,0
-2.941084,5.125342,11.860137,9.634147,-45.121952,-8.414635,0
-2.692002,4.234395,12.176280,-6.585366,-28.292683,-17.682928,0
